format,tensor,tensor_type,shape,n,mae,median_abs_error,max_abs_error,rmse,relative_error_mean,relative_error_median,relative_error_max,relative_threshold,bound_valid_weights,bound_pass_count,bound_pass_percent,bound_ratio_mean,bound_ratio_median,bound_ratio_max
F16,decoder.token_embedding.weight,F16,512x51865,26554880,0.0,0.0,0.0,0.0,0.0,0.0,0.0,1e-08,0,0,nan,nan,nan,nan
F16,decoder.blocks.0.mlp.0.weight,F16,512x2048,1048576,0.0,0.0,0.0,0.0,0.0,0.0,0.0,1e-08,0,0,nan,nan,nan,nan
F16,decoder.blocks.0.mlp.2.weight,F16,2048x512,1048576,0.0,0.0,0.0,0.0,0.0,0.0,0.0,1e-08,0,0,nan,nan,nan,nan
F16,decoder.blocks.0.attn.query.weight,F16,512x512,262144,0.0,0.0,0.0,0.0,0.0,0.0,0.0,1e-08,0,0,nan,nan,nan,nan
F16,decoder.blocks.0.attn.key.weight,F16,512x512,262144,0.0,0.0,0.0,0.0,0.0,0.0,0.0,1e-08,0,0,nan,nan,nan,nan
F16,decoder.blocks.0.attn.value.weight,F16,512x512,262144,0.0,0.0,0.0,0.0,0.0,0.0,0.0,1e-08,0,0,nan,nan,nan,nan
F16,decoder.blocks.0.attn.out.weight,F16,512x512,262144,0.0,0.0,0.0,0.0,0.0,0.0,0.0,1e-08,0,0,nan,nan,nan,nan
F16,decoder.blocks.0.cross_attn.query.weight,F16,512x512,262144,0.0,0.0,0.0,0.0,0.0,0.0,0.0,1e-08,0,0,nan,nan,nan,nan
F16,decoder.blocks.0.cross_attn.key.weight,F16,512x512,262144,0.0,0.0,0.0,0.0,0.0,0.0,0.0,1e-08,0,0,nan,nan,nan,nan
F16,decoder.blocks.0.cross_attn.value.weight,F16,512x512,262144,0.0,0.0,0.0,0.0,0.0,0.0,0.0,1e-08,0,0,nan,nan,nan,nan
F16,decoder.blocks.0.cross_attn.out.weight,F16,512x512,262144,0.0,0.0,0.0,0.0,0.0,0.0,0.0,1e-08,0,0,nan,nan,nan,nan
F16,decoder.blocks.1.mlp.0.weight,F16,512x2048,1048576,0.0,0.0,0.0,0.0,0.0,0.0,0.0,1e-08,0,0,nan,nan,nan,nan
F16,decoder.blocks.1.mlp.2.weight,F16,2048x512,1048576,0.0,0.0,0.0,0.0,0.0,0.0,0.0,1e-08,0,0,nan,nan,nan,nan
F16,decoder.blocks.1.attn.query.weight,F16,512x512,262144,0.0,0.0,0.0,0.0,0.0,0.0,0.0,1e-08,0,0,nan,nan,nan,nan
F16,decoder.blocks.1.attn.key.weight,F16,512x512,262144,0.0,0.0,0.0,0.0,0.0,0.0,0.0,1e-08,0,0,nan,nan,nan,nan
F16,decoder.blocks.1.attn.value.weight,F16,512x512,262144,0.0,0.0,0.0,0.0,0.0,0.0,0.0,1e-08,0,0,nan,nan,nan,nan
F16,decoder.blocks.1.attn.out.weight,F16,512x512,262144,0.0,0.0,0.0,0.0,0.0,0.0,0.0,1e-08,0,0,nan,nan,nan,nan
F16,decoder.blocks.1.cross_attn.query.weight,F16,512x512,262144,0.0,0.0,0.0,0.0,0.0,0.0,0.0,1e-08,0,0,nan,nan,nan,nan
F16,decoder.blocks.1.cross_attn.key.weight,F16,512x512,262144,0.0,0.0,0.0,0.0,0.0,0.0,0.0,1e-08,0,0,nan,nan,nan,nan
F16,decoder.blocks.1.cross_attn.value.weight,F16,512x512,262144,0.0,0.0,0.0,0.0,0.0,0.0,0.0,1e-08,0,0,nan,nan,nan,nan
F16,decoder.blocks.1.cross_attn.out.weight,F16,512x512,262144,0.0,0.0,0.0,0.0,0.0,0.0,0.0,1e-08,0,0,nan,nan,nan,nan
F16,decoder.blocks.2.mlp.0.weight,F16,512x2048,1048576,0.0,0.0,0.0,0.0,0.0,0.0,0.0,1e-08,0,0,nan,nan,nan,nan
F16,decoder.blocks.2.mlp.2.weight,F16,2048x512,1048576,0.0,0.0,0.0,0.0,0.0,0.0,0.0,1e-08,0,0,nan,nan,nan,nan
F16,decoder.blocks.2.attn.query.weight,F16,512x512,262144,0.0,0.0,0.0,0.0,0.0,0.0,0.0,1e-08,0,0,nan,nan,nan,nan
F16,decoder.blocks.2.attn.key.weight,F16,512x512,262144,0.0,0.0,0.0,0.0,0.0,0.0,0.0,1e-08,0,0,nan,nan,nan,nan
F16,decoder.blocks.2.attn.value.weight,F16,512x512,262144,0.0,0.0,0.0,0.0,0.0,0.0,0.0,1e-08,0,0,nan,nan,nan,nan
F16,decoder.blocks.2.attn.out.weight,F16,512x512,262144,0.0,0.0,0.0,0.0,0.0,0.0,0.0,1e-08,0,0,nan,nan,nan,nan
F16,decoder.blocks.2.cross_attn.query.weight,F16,512x512,262144,0.0,0.0,0.0,0.0,0.0,0.0,0.0,1e-08,0,0,nan,nan,nan,nan
F16,decoder.blocks.2.cross_attn.key.weight,F16,512x512,262144,0.0,0.0,0.0,0.0,0.0,0.0,0.0,1e-08,0,0,nan,nan,nan,nan
F16,decoder.blocks.2.cross_attn.value.weight,F16,512x512,262144,0.0,0.0,0.0,0.0,0.0,0.0,0.0,1e-08,0,0,nan,nan,nan,nan
F16,decoder.blocks.2.cross_attn.out.weight,F16,512x512,262144,0.0,0.0,0.0,0.0,0.0,0.0,0.0,1e-08,0,0,nan,nan,nan,nan
F16,decoder.blocks.3.mlp.0.weight,F16,512x2048,1048576,0.0,0.0,0.0,0.0,0.0,0.0,0.0,1e-08,0,0,nan,nan,nan,nan
F16,decoder.blocks.3.mlp.2.weight,F16,2048x512,1048576,0.0,0.0,0.0,0.0,0.0,0.0,0.0,1e-08,0,0,nan,nan,nan,nan
F16,decoder.blocks.3.attn.query.weight,F16,512x512,262144,0.0,0.0,0.0,0.0,0.0,0.0,0.0,1e-08,0,0,nan,nan,nan,nan
F16,decoder.blocks.3.attn.key.weight,F16,512x512,262144,0.0,0.0,0.0,0.0,0.0,0.0,0.0,1e-08,0,0,nan,nan,nan,nan
F16,decoder.blocks.3.attn.value.weight,F16,512x512,262144,0.0,0.0,0.0,0.0,0.0,0.0,0.0,1e-08,0,0,nan,nan,nan,nan
F16,decoder.blocks.3.attn.out.weight,F16,512x512,262144,0.0,0.0,0.0,0.0,0.0,0.0,0.0,1e-08,0,0,nan,nan,nan,nan
F16,decoder.blocks.3.cross_attn.query.weight,F16,512x512,262144,0.0,0.0,0.0,0.0,0.0,0.0,0.0,1e-08,0,0,nan,nan,nan,nan
F16,decoder.blocks.3.cross_attn.key.weight,F16,512x512,262144,0.0,0.0,0.0,0.0,0.0,0.0,0.0,1e-08,0,0,nan,nan,nan,nan
F16,decoder.blocks.3.cross_attn.value.weight,F16,512x512,262144,0.0,0.0,0.0,0.0,0.0,0.0,0.0,1e-08,0,0,nan,nan,nan,nan
F16,decoder.blocks.3.cross_attn.out.weight,F16,512x512,262144,0.0,0.0,0.0,0.0,0.0,0.0,0.0,1e-08,0,0,nan,nan,nan,nan
F16,decoder.blocks.4.mlp.0.weight,F16,512x2048,1048576,0.0,0.0,0.0,0.0,0.0,0.0,0.0,1e-08,0,0,nan,nan,nan,nan
F16,decoder.blocks.4.mlp.2.weight,F16,2048x512,1048576,0.0,0.0,0.0,0.0,0.0,0.0,0.0,1e-08,0,0,nan,nan,nan,nan
F16,decoder.blocks.4.attn.query.weight,F16,512x512,262144,0.0,0.0,0.0,0.0,0.0,0.0,0.0,1e-08,0,0,nan,nan,nan,nan
F16,decoder.blocks.4.attn.key.weight,F16,512x512,262144,0.0,0.0,0.0,0.0,0.0,0.0,0.0,1e-08,0,0,nan,nan,nan,nan
F16,decoder.blocks.4.attn.value.weight,F16,512x512,262144,0.0,0.0,0.0,0.0,0.0,0.0,0.0,1e-08,0,0,nan,nan,nan,nan
F16,decoder.blocks.4.attn.out.weight,F16,512x512,262144,0.0,0.0,0.0,0.0,0.0,0.0,0.0,1e-08,0,0,nan,nan,nan,nan
F16,decoder.blocks.4.cross_attn.query.weight,F16,512x512,262144,0.0,0.0,0.0,0.0,0.0,0.0,0.0,1e-08,0,0,nan,nan,nan,nan
F16,decoder.blocks.4.cross_attn.key.weight,F16,512x512,262144,0.0,0.0,0.0,0.0,0.0,0.0,0.0,1e-08,0,0,nan,nan,nan,nan
F16,decoder.blocks.4.cross_attn.value.weight,F16,512x512,262144,0.0,0.0,0.0,0.0,0.0,0.0,0.0,1e-08,0,0,nan,nan,nan,nan
F16,decoder.blocks.4.cross_attn.out.weight,F16,512x512,262144,0.0,0.0,0.0,0.0,0.0,0.0,0.0,1e-08,0,0,nan,nan,nan,nan
F16,decoder.blocks.5.mlp.0.weight,F16,512x2048,1048576,0.0,0.0,0.0,0.0,0.0,0.0,0.0,1e-08,0,0,nan,nan,nan,nan
F16,decoder.blocks.5.mlp.2.weight,F16,2048x512,1048576,0.0,0.0,0.0,0.0,0.0,0.0,0.0,1e-08,0,0,nan,nan,nan,nan
F16,decoder.blocks.5.attn.query.weight,F16,512x512,262144,0.0,0.0,0.0,0.0,0.0,0.0,0.0,1e-08,0,0,nan,nan,nan,nan
F16,decoder.blocks.5.attn.key.weight,F16,512x512,262144,0.0,0.0,0.0,0.0,0.0,0.0,0.0,1e-08,0,0,nan,nan,nan,nan
F16,decoder.blocks.5.attn.value.weight,F16,512x512,262144,0.0,0.0,0.0,0.0,0.0,0.0,0.0,1e-08,0,0,nan,nan,nan,nan
F16,decoder.blocks.5.attn.out.weight,F16,512x512,262144,0.0,0.0,0.0,0.0,0.0,0.0,0.0,1e-08,0,0,nan,nan,nan,nan
F16,decoder.blocks.5.cross_attn.query.weight,F16,512x512,262144,0.0,0.0,0.0,0.0,0.0,0.0,0.0,1e-08,0,0,nan,nan,nan,nan
F16,decoder.blocks.5.cross_attn.key.weight,F16,512x512,262144,0.0,0.0,0.0,0.0,0.0,0.0,0.0,1e-08,0,0,nan,nan,nan,nan
F16,decoder.blocks.5.cross_attn.value.weight,F16,512x512,262144,0.0,0.0,0.0,0.0,0.0,0.0,0.0,1e-08,0,0,nan,nan,nan,nan
F16,decoder.blocks.5.cross_attn.out.weight,F16,512x512,262144,0.0,0.0,0.0,0.0,0.0,0.0,0.0,1e-08,0,0,nan,nan,nan,nan
F16,encoder.conv1.weight,F16,3x80x512,122880,0.0,0.0,0.0,0.0,0.0,0.0,0.0,1e-08,0,0,nan,nan,nan,nan
F16,encoder.conv2.weight,F16,3x512x512,786432,0.0,0.0,0.0,0.0,0.0,0.0,0.0,1e-08,0,0,nan,nan,nan,nan
F16,encoder.blocks.0.mlp.0.weight,F16,512x2048,1048576,0.0,0.0,0.0,0.0,0.0,0.0,0.0,1e-08,0,0,nan,nan,nan,nan
F16,encoder.blocks.0.mlp.2.weight,F16,2048x512,1048576,0.0,0.0,0.0,0.0,0.0,0.0,0.0,1e-08,0,0,nan,nan,nan,nan
F16,encoder.blocks.0.attn.query.weight,F16,512x512,262144,0.0,0.0,0.0,0.0,0.0,0.0,0.0,1e-08,0,0,nan,nan,nan,nan
F16,encoder.blocks.0.attn.key.weight,F16,512x512,262144,0.0,0.0,0.0,0.0,0.0,0.0,0.0,1e-08,0,0,nan,nan,nan,nan
F16,encoder.blocks.0.attn.value.weight,F16,512x512,262144,0.0,0.0,0.0,0.0,0.0,0.0,0.0,1e-08,0,0,nan,nan,nan,nan
F16,encoder.blocks.0.attn.out.weight,F16,512x512,262144,0.0,0.0,0.0,0.0,0.0,0.0,0.0,1e-08,0,0,nan,nan,nan,nan
F16,encoder.blocks.1.mlp.0.weight,F16,512x2048,1048576,0.0,0.0,0.0,0.0,0.0,0.0,0.0,1e-08,0,0,nan,nan,nan,nan
F16,encoder.blocks.1.mlp.2.weight,F16,2048x512,1048576,0.0,0.0,0.0,0.0,0.0,0.0,0.0,1e-08,0,0,nan,nan,nan,nan
F16,encoder.blocks.1.attn.query.weight,F16,512x512,262144,0.0,0.0,0.0,0.0,0.0,0.0,0.0,1e-08,0,0,nan,nan,nan,nan
F16,encoder.blocks.1.attn.key.weight,F16,512x512,262144,0.0,0.0,0.0,0.0,0.0,0.0,0.0,1e-08,0,0,nan,nan,nan,nan
F16,encoder.blocks.1.attn.value.weight,F16,512x512,262144,0.0,0.0,0.0,0.0,0.0,0.0,0.0,1e-08,0,0,nan,nan,nan,nan
F16,encoder.blocks.1.attn.out.weight,F16,512x512,262144,0.0,0.0,0.0,0.0,0.0,0.0,0.0,1e-08,0,0,nan,nan,nan,nan
F16,encoder.blocks.2.mlp.0.weight,F16,512x2048,1048576,0.0,0.0,0.0,0.0,0.0,0.0,0.0,1e-08,0,0,nan,nan,nan,nan
F16,encoder.blocks.2.mlp.2.weight,F16,2048x512,1048576,0.0,0.0,0.0,0.0,0.0,0.0,0.0,1e-08,0,0,nan,nan,nan,nan
F16,encoder.blocks.2.attn.query.weight,F16,512x512,262144,0.0,0.0,0.0,0.0,0.0,0.0,0.0,1e-08,0,0,nan,nan,nan,nan
F16,encoder.blocks.2.attn.key.weight,F16,512x512,262144,0.0,0.0,0.0,0.0,0.0,0.0,0.0,1e-08,0,0,nan,nan,nan,nan
F16,encoder.blocks.2.attn.value.weight,F16,512x512,262144,0.0,0.0,0.0,0.0,0.0,0.0,0.0,1e-08,0,0,nan,nan,nan,nan
F16,encoder.blocks.2.attn.out.weight,F16,512x512,262144,0.0,0.0,0.0,0.0,0.0,0.0,0.0,1e-08,0,0,nan,nan,nan,nan
F16,encoder.blocks.3.mlp.0.weight,F16,512x2048,1048576,0.0,0.0,0.0,0.0,0.0,0.0,0.0,1e-08,0,0,nan,nan,nan,nan
F16,encoder.blocks.3.mlp.2.weight,F16,2048x512,1048576,0.0,0.0,0.0,0.0,0.0,0.0,0.0,1e-08,0,0,nan,nan,nan,nan
F16,encoder.blocks.3.attn.query.weight,F16,512x512,262144,0.0,0.0,0.0,0.0,0.0,0.0,0.0,1e-08,0,0,nan,nan,nan,nan
F16,encoder.blocks.3.attn.key.weight,F16,512x512,262144,0.0,0.0,0.0,0.0,0.0,0.0,0.0,1e-08,0,0,nan,nan,nan,nan
F16,encoder.blocks.3.attn.value.weight,F16,512x512,262144,0.0,0.0,0.0,0.0,0.0,0.0,0.0,1e-08,0,0,nan,nan,nan,nan
F16,encoder.blocks.3.attn.out.weight,F16,512x512,262144,0.0,0.0,0.0,0.0,0.0,0.0,0.0,1e-08,0,0,nan,nan,nan,nan
F16,encoder.blocks.4.mlp.0.weight,F16,512x2048,1048576,0.0,0.0,0.0,0.0,0.0,0.0,0.0,1e-08,0,0,nan,nan,nan,nan
F16,encoder.blocks.4.mlp.2.weight,F16,2048x512,1048576,0.0,0.0,0.0,0.0,0.0,0.0,0.0,1e-08,0,0,nan,nan,nan,nan
F16,encoder.blocks.4.attn.query.weight,F16,512x512,262144,0.0,0.0,0.0,0.0,0.0,0.0,0.0,1e-08,0,0,nan,nan,nan,nan
F16,encoder.blocks.4.attn.key.weight,F16,512x512,262144,0.0,0.0,0.0,0.0,0.0,0.0,0.0,1e-08,0,0,nan,nan,nan,nan
F16,encoder.blocks.4.attn.value.weight,F16,512x512,262144,0.0,0.0,0.0,0.0,0.0,0.0,0.0,1e-08,0,0,nan,nan,nan,nan
F16,encoder.blocks.4.attn.out.weight,F16,512x512,262144,0.0,0.0,0.0,0.0,0.0,0.0,0.0,1e-08,0,0,nan,nan,nan,nan
F16,encoder.blocks.5.mlp.0.weight,F16,512x2048,1048576,0.0,0.0,0.0,0.0,0.0,0.0,0.0,1e-08,0,0,nan,nan,nan,nan
F16,encoder.blocks.5.mlp.2.weight,F16,2048x512,1048576,0.0,0.0,0.0,0.0,0.0,0.0,0.0,1e-08,0,0,nan,nan,nan,nan
F16,encoder.blocks.5.attn.query.weight,F16,512x512,262144,0.0,0.0,0.0,0.0,0.0,0.0,0.0,1e-08,0,0,nan,nan,nan,nan
F16,encoder.blocks.5.attn.key.weight,F16,512x512,262144,0.0,0.0,0.0,0.0,0.0,0.0,0.0,1e-08,0,0,nan,nan,nan,nan
F16,encoder.blocks.5.attn.value.weight,F16,512x512,262144,0.0,0.0,0.0,0.0,0.0,0.0,0.0,1e-08,0,0,nan,nan,nan,nan
F16,encoder.blocks.5.attn.out.weight,F16,512x512,262144,0.0,0.0,0.0,0.0,0.0,0.0,0.0,1e-08,0,0,nan,nan,nan,nan
Q8_0,decoder.token_embedding.weight,Q8_0,512x51865,26554880,0.00012702101289715654,0.00011324882507324219,0.001190185546875,0.00016045544128370697,0.023333513281321872,0.005909128020901371,1.0,1e-08,26554880,26369688,99.30260652655933,0.48577233785484325,0.4836392657621708,1.1219512195121952
Q8_0,decoder.blocks.0.mlp.0.weight,Q8_0,512x2048,1048576,0.00011171974335866253,0.00010585784912109375,0.00077056884765625,0.0001340958784859889,0.025663163502900155,0.006227127153772492,1.0,1e-08,1048576,1041335,99.30944442749023,0.48638756856495924,0.4841805559351129,1.102439024390244
Q8_0,decoder.blocks.0.mlp.2.weight,Q8_0,2048x512,1048576,0.00010116080738953315,9.393692016601562e-05,0.0009355545043945312,0.00012325867772782916,0.028159625646945966,0.006853991596638655,1.0,1e-08,1048576,1041788,99.35264587402344,0.4857036971681671,0.48366013071895425,1.0962419798350138
Q8_0,decoder.blocks.0.attn.query.weight,Q8_0,512x512,262144,0.00019576708677959687,0.0001621246337890625,0.001468658447265625,0.00025134242755473526,0.031044909666741533,0.0074656154829721485,1.0,1e-08,262144,260502,99.37362670898438,0.4863766512250964,0.4836805789257474,1.0978956999085088
Q8_0,decoder.blocks.0.attn.key.weight,Q8_0,512x512,262144,0.00020377659848236362,0.0001659393310546875,0.001438140869140625,0.0002651489657819821,0.032763139414600406,0.007741027445460943,1.0,1e-08,262144,260603,99.41215515136719,0.48626331340941703,0.4842105263157895,1.1007751937984496
Q8_0,decoder.blocks.0.attn.value.weight,Q8_0,512x512,262144,8.695750648257672e-05,7.796287536621094e-05,0.0006866455078125,0.00010723697200548543,0.02709060506868395,0.006644566471402968,1.0,1e-08,262144,260434,99.34768676757812,0.48620313366780854,0.48475245884563206,1.1007751937984496
Q8_0,decoder.blocks.0.attn.out.weight,Q8_0,512x512,262144,8.111234365060227e-05,7.05718994140625e-05,0.000858306884765625,0.0001015543952878254,0.027716081646388224,0.006595477386934673,1.0,1e-08,262144,260403,99.33586120605469,0.48536952078213524,0.4826665255899871,1.1142284569138277
Q8_0,decoder.blocks.0.cross_attn.query.weight,Q8_0,512x512,262144,0.00011954104138567345,0.000102996826171875,0.0009474754333496094,0.00015216107301570532,0.04293424040610877,0.007105874894336433,1.0,1e-08,262144,260494,99.37057495117188,0.48440789553082,0.48152866242038217,1.1121951219512196
Q8_0,decoder.blocks.0.cross_attn.key.weight,Q8_0,512x512,262144,0.00011277460589553812,9.274482727050781e-05,0.0019073486328125,0.00015329176293657232,0.029353752503954316,0.006747159090909091,1.0,1e-08,262144,260373,99.32441711425781,0.48657862049313705,0.4841092325978532,1.08843537414966
Q8_0,decoder.blocks.0.cross_attn.value.weight,Q8_0,512x512,262144,7.69337559631822e-05,6.914138793945312e-05,0.000537872314453125,9.480302672007646e-05,0.027635602376597936,0.00653485254691689,1.0,1e-08,262144,260317,99.30305480957031,0.4860328727877733,0.48412926955141766,1.0962419798350138
Q8_0,decoder.blocks.0.cross_attn.out.weight,Q8_0,512x512,262144,7.219165763672208e-05,6.508827209472656e-05,0.0009975433349609375,8.948676828400971e-05,0.02753727004511839,0.006681943244258479,1.0,1e-08,262144,260446,99.35226440429688,0.4864202607787535,0.4851235501765003,1.0915750915750915
Q8_0,decoder.blocks.1.mlp.0.weight,Q8_0,512x2048,1048576,0.00011359714108039043,0.00010704994201660156,0.00089263916015625,0.0001366223292385693,0.025955268954926645,0.006336978131212724,1.0,1e-08,1048576,1041481,99.32336807250977,0.4855948087868861,0.4835330108098828,1.098153547133139
Q8_0,decoder.blocks.1.mlp.2.weight,Q8_0,2048x512,1048576,0.00010553328672813223,9.918212890625e-05,0.001430511474609375,0.00012810475087494873,0.0280791002024496,0.006822386679000925,1.0,1e-08,1048576,1041765,99.3504524230957,0.48631393819564295,0.48434731246308327,1.1555555555555554
Q8_0,decoder.blocks.1.attn.query.weight,Q8_0,512x512,262144,0.00011144142058583384,8.106231689453125e-05,0.00130462646484375,0.0001535598569395539,0.21849886222186027,0.011189372325249643,1.0,1e-08,262144,260814,99.49264526367188,0.4676307909123259,0.4544600574558034,1.1202346041055717
Q8_0,decoder.blocks.1.attn.key.weight,Q8_0,512x512,262144,0.00011505129327815666,8.440017700195312e-05,0.0010395050048828125,0.00015594243983692538,0.23139987288037506,0.01083007266629402,1.0,1e-08,262144,260831,99.49913024902344,0.45914193714995016,0.4401577724362534,1.0887804878048781
Q8_0,decoder.blocks.1.attn.value.weight,Q8_0,512x512,262144,9.573309762345161e-05,8.392333984375e-05,0.0005702972412109375,0.00011923980907737063,0.219254795445336,0.011067708333333334,1.0,1e-08,262144,260882,99.51858520507812,0.47640671155260894,0.4681182402138065,1.096774193548387
Q8_0,decoder.blocks.1.attn.out.weight,Q8_0,512x512,262144,8.255320358330209e-05,6.878376007080078e-05,0.001338958740234375,0.00010819361396652866,0.02847798879512603,0.006787011340415575,1.0,1e-08,262144,260395,99.33280944824219,0.4864765870437706,0.48519040902679833,1.1272727272727272
Q8_0,decoder.blocks.1.cross_attn.query.weight,Q8_0,512x512,262144,0.00011384062077013368,0.00010585784912109375,0.0006618499755859375,0.000138418347166304,0.03262147052779365,0.006694839857651245,1.0,1e-08,262144,260376,99.3255615234375,0.48572554648489225,0.4835567619572727,1.084870848708487
Q8_0,decoder.blocks.1.cross_attn.key.weight,Q8_0,512x512,262144,0.00011123346280328406,0.00010013580322265625,0.0007271766662597656,0.00013658912063418824,0.026710254527001192,0.006476683937823834,1.0,1e-08,262144,260366,99.32174682617188,0.48555501550711827,0.4842454394693201,1.0944498539435248
Q8_0,decoder.blocks.1.cross_attn.value.weight,Q8_0,512x512,262144,8.435053064204112e-05,7.82012939453125e-05,0.0005970001220703125,0.00010237707022812837,0.02714578347064366,0.006435476618705036,1.0,1e-08,262144,260289,99.29237365722656,0.4858797953680011,0.4838621395907269,1.0962419798350138
Q8_0,decoder.blocks.1.cross_attn.out.weight,Q8_0,512x512,262144,7.702777133999916e-05,7.033348083496094e-05,0.000782012939453125,9.490973371525902e-05,0.026946892266926814,0.006601362862010221,1.0,1e-08,262144,260292,99.29351806640625,0.4861904254042031,0.4842105263157895,1.1420911528150135
Q8_0,decoder.blocks.2.mlp.0.weight,Q8_0,512x2048,1048576,0.0001088934784547746,0.00010204315185546875,0.00201416015625,0.00013299344164479968,0.026392914154809058,0.006401770105420359,1.0,1e-08,1048576,1041628,99.33738708496094,0.48588596830613096,0.48388889420596665,1.0962962962962963
Q8_0,decoder.blocks.2.mlp.2.weight,Q8_0,2048x512,1048576,0.00010469525369671828,9.72747802734375e-05,0.0037136077880859375,0.000128913585245677,0.02876698718123775,0.006990425912670007,1.0,1e-08,1048576,1041902,99.36351776123047,0.4865907931441786,0.48484848484848486,1.102439024390244
Q8_0,decoder.blocks.2.attn.query.weight,Q8_0,512x512,262144,0.00016335550935764331,0.0001373291015625,0.00128936767578125,0.0002075172502511935,0.05341534198133674,0.006906758756783424,1.0,1e-08,262144,260361,99.31983947753906,0.4842957447990606,0.4806900773479168,1.0912442396313364
Q8_0,decoder.blocks.2.attn.key.weight,Q8_0,512x512,262144,0.00014945607222216495,0.00010991096496582031,0.0026397705078125,0.0002214434290121077,0.05755984410489658,0.0073836905384213275,1.0,1e-08,262144,260523,99.38163757324219,0.4818296920042374,0.4781395348837209,1.09126213592233
Q8_0,decoder.blocks.2.attn.value.weight,Q8_0,512x512,262144,7.911754732958798e-05,6.532669067382812e-05,0.0007457733154296875,0.00010122068032046208,0.0460506037575564,0.00691699604743083,1.0,1e-08,262144,260411,99.33891296386719,0.4857541245989897,0.4830917874396135,1.1345029239766082
Q8_0,decoder.blocks.2.attn.out.weight,Q8_0,512x512,262144,7.497439673898043e-05,6.437301635742188e-05,0.00150299072265625,9.610473466886581e-05,0.03461626990874837,0.007520408923307138,1.0,1e-08,262144,260528,99.383544921875,0.48611063175877167,0.4835683380276836,1.0972762645914398
Q8_0,decoder.blocks.2.cross_attn.query.weight,Q8_0,512x512,262144,0.00010635128955982509,9.632110595703125e-05,0.0008449554443359375,0.00013077236900686085,0.02942197965302848,0.006720430107526882,1.0,1e-08,262144,260450,99.35379028320312,0.4856511263434812,0.48357005272296516,1.11587147030185
Q8_0,decoder.blocks.2.cross_attn.key.weight,Q8_0,512x512,262144,0.00010433901411488478,9.298324584960938e-05,0.0007066726684570312,0.00012972538867655857,0.02772150858400893,0.006657923861463153,1.0,1e-08,262144,260390,99.33090209960938,0.4870930894305513,0.4850498338870432,1.0972762645914398
Q8_0,decoder.blocks.2.cross_attn.value.weight,Q8_0,512x512,262144,8.427911757280526e-05,7.62939453125e-05,0.0008392333984375,0.00010412886113606011,0.02880365779671449,0.006659563132658497,1.0,1e-08,262144,260416,99.3408203125,0.48566770898769174,0.4831532104259377,1.0922509225092252
Q8_0,decoder.blocks.2.cross_attn.out.weight,Q8_0,512x512,262144,7.660400819986535e-05,6.794929504394531e-05,0.00101470947265625,9.695191786907659e-05,0.027256342534340162,0.0065625,1.0,1e-08,262144,260346,99.31411743164062,0.4853938188656255,0.4835164835164835,1.1072124756335282
Q8_0,decoder.blocks.3.mlp.0.weight,Q8_0,512x2048,1048576,0.00010920842538553188,0.00010216236114501953,0.001232147216796875,0.00013212311125229803,0.026814529091574203,0.006468023255813953,1.0,1e-08,1048576,1041648,99.33929443359375,0.4856732025833558,0.48337028824833705,1.1007751937984496
Q8_0,decoder.blocks.3.mlp.2.weight,Q8_0,2048x512,1048576,0.00010085656413139077,9.369850158691406e-05,0.0012454986572265625,0.00012286570539700353,0.028921464861574233,0.006999077840048608,1.0,1e-08,1048576,1042106,99.38297271728516,0.4859000495320335,0.4837465564738292,1.1121951219512196
Q8_0,decoder.blocks.3.attn.query.weight,Q8_0,512x512,262144,0.00013794863798466395,0.00012302398681640625,0.0009489059448242188,0.00017024685819368073,0.03365320016420589,0.006641750720461095,1.0,1e-08,262144,260391,99.33128356933594,0.48577941031007366,0.4834331910211794,1.118048780487805
Q8_0,decoder.blocks.3.attn.key.weight,Q8_0,512x512,262144,0.00013842490989190992,0.0001220703125,0.0012054443359375,0.00017321971397097006,0.03584747953972284,0.006802531398947792,1.0,1e-08,262144,260371,99.32365417480469,0.4862514580962263,0.4846686449060336,1.088356729975227
Q8_0,decoder.blocks.3.attn.value.weight,Q8_0,512x512,262144,8.794835071057605e-05,8.082389831542969e-05,0.0006694793701171875,0.00010734948849713748,0.033795368283308286,0.0068242343541944075,1.0,1e-08,262144,260377,99.32594299316406,0.4861274131315908,0.4839974391805377,1.099630996309963
Q8_0,decoder.blocks.3.attn.out.weight,Q8_0,512x512,262144,7.793245754328382e-05,6.866455078125e-05,0.0008258819580078125,9.774880406082973e-05,0.02651460821277612,0.006499169435215947,1.0,1e-08,262144,260313,99.30152893066406,0.48638268485473957,0.4857334099062426,1.102439024390244
Q8_0,decoder.blocks.3.cross_attn.query.weight,Q8_0,512x512,262144,0.00011878726058967004,0.00011038780212402344,0.0007300376892089844,0.0001441999100364546,0.02808618565358037,0.006758292119482175,1.0,1e-08,262144,260454,99.35531616210938,0.48571295930591973,0.4831168831168831,1.092896174863388
Q8_0,decoder.blocks.3.cross_attn.key.weight,Q8_0,512x512,262144,0.00011433422082518518,0.00010156631469726562,0.000957489013671875,0.00014280110361697415,0.029124219993477814,0.006804281345565749,1.0,1e-08,262144,260519,99.38011169433594,0.48561532158161047,0.4834551804876153,1.115009746588694
Q8_0,decoder.blocks.3.cross_attn.value.weight,Q8_0,512x512,262144,8.381183761230204e-05,7.724761962890625e-05,0.00061798095703125,0.00010198851718006685,0.028102869570682792,0.006625791139240506,1.0,1e-08,262144,260417,99.34120178222656,0.486097773349083,0.48378324979466386,1.1007751937984496
Q8_0,decoder.blocks.3.cross_attn.out.weight,Q8_0,512x512,262144,7.593932605232112e-05,6.866455078125e-05,0.00075531005859375,9.360415386497991e-05,0.02685593426233719,0.006480823863636364,1.0,1e-08,262144,260311,99.30076599121094,0.4856335154122954,0.48326055312954874,1.1033138401559455
Q8_0,decoder.blocks.4.mlp.0.weight,Q8_0,512x2048,1048576,0.00010823261209225166,0.00010061264038085938,0.0013580322265625,0.00013176510258624996,0.026918870319473057,0.006533375314861461,1.0,1e-08,1048576,1041611,99.33576583862305,0.4861520325461067,0.4841875681570338,1.1111111111111112
Q8_0,decoder.blocks.4.mlp.2.weight,Q8_0,2048x512,1048576,0.00011492493410969473,0.00010609626770019531,0.00133514404296875,0.0001412480090440278,0.029051235210439723,0.0070528644865522966,1.0,1e-08,1048576,1042019,99.37467575073242,0.48633191413746735,0.48466257668711654,1.1102439024390245
Q8_0,decoder.blocks.4.attn.query.weight,Q8_0,512x512,262144,0.0001298244937970594,0.000118255615234375,0.0010051727294921875,0.00015966140314294995,0.027197761716529073,0.006614963503649635,1.0,1e-08,262144,260373,99.32441711425781,0.4854119787462713,0.4834149863201277,1.1121951219512196
Q8_0,decoder.blocks.4.attn.key.weight,Q8_0,512x512,262144,0.00013202324112171482,0.00011920928955078125,0.0011501312255859375,0.00016388050463211752,0.02771641515797823,0.006646555227720744,1.0,1e-08,262144,260397,99.33357238769531,0.48571257538906837,0.4832118819290865,1.098901098901099
Q8_0,decoder.blocks.4.attn.value.weight,Q8_0,512x512,262144,0.00010227597977063851,9.417533874511719e-05,0.000911712646484375,0.00012467986853630672,0.028545063983994513,0.0067729334677419355,1.0,1e-08,262144,260448,99.35302734375,0.48467291704809995,0.48243559718969553,1.0823311748381128
Q8_0,decoder.blocks.4.attn.out.weight,Q8_0,512x512,262144,8.978013852356526e-05,7.963180541992188e-05,0.0012359619140625,0.00011218317072429959,0.02583130799702033,0.006313344594594594,1.0,1e-08,262144,260394,99.33242797851562,0.4857317028719731,0.48331415420023016,1.104635761589404
Q8_0,decoder.blocks.4.cross_attn.query.weight,Q8_0,512x512,262144,0.0001223697565819748,0.00011396408081054688,0.0007772445678710938,0.00014852334648782746,0.027909245655560324,0.006652520111389734,1.0,1e-08,262144,260420,99.34234619140625,0.48598267779245957,0.4843515000728463,1.1219512195121952
Q8_0,decoder.blocks.4.cross_attn.key.weight,Q8_0,512x512,262144,0.00011909778231711243,0.00010585784912109375,0.0010881423950195312,0.0001503036840739996,0.03031844569752126,0.0068653376729048005,1.0,1e-08,262144,260468,99.36065673828125,0.4847102525502538,0.4822543694445713,1.0774907749077491
Q8_0,decoder.blocks.4.cross_attn.value.weight,Q8_0,512x512,262144,0.00010676647366381076,9.989738464355469e-05,0.0005588531494140625,0.00012905478803282845,0.02974881648962346,0.00670223841749089,1.0,1e-08,262144,260486,99.36752319335938,0.4865446936535039,0.4854841973528331,1.1141463414634147
Q8_0,decoder.blocks.4.cross_attn.out.weight,Q8_0,512x512,262144,9.215319869326777e-05,8.559226989746094e-05,0.0007085800170898438,0.00011190315977595073,0.02503283367221262,0.006246053037209677,1.0,1e-08,262144,260227,99.26872253417969,0.4869289809518516,0.4849462673387478,1.0994152046783625
Q8_0,decoder.blocks.5.mlp.0.weight,Q8_0,512x2048,1048576,0.00011169175212444316,0.000102996826171875,0.0015411376953125,0.00013754285983223237,0.026248450900803147,0.006411164746810233,1.0,1e-08,1048576,1041509,99.3260383605957,0.4852730068815614,0.4828337874659401,1.12
Q8_0,decoder.blocks.5.mlp.2.weight,Q8_0,2048x512,1048576,0.00013158109442201749,0.00011968612670898438,0.0038299560546875,0.00016642029910136775,0.0294408303604739,0.0070140280561122245,1.0,1e-08,1048576,1041962,99.3692398071289,0.48582879440724414,0.48397169445244287,1.098153547133139
Q8_0,decoder.blocks.5.attn.query.weight,Q8_0,512x512,262144,0.0001164906752819661,0.00010895729064941406,0.0008411407470703125,0.0001409874517867134,0.02720843309430863,0.006564985318886397,1.0,1e-08,262144,260381,99.32746887207031,0.486483455732933,0.48476291655496756,1.092896174863388
Q8_0,decoder.blocks.5.attn.key.weight,Q8_0,512x512,262144,0.00012033840607728052,0.00011086463928222656,0.00103759765625,0.00014712877285624052,0.029215472194296512,0.006984655471916619,1.0,1e-08,262144,260478,99.36447143554688,0.48731857383417576,0.4861665063925717,1.087378640776699
Q8_0,decoder.blocks.5.attn.value.weight,Q8_0,512x512,262144,0.0001223987940193183,0.00011134147644042969,0.001224517822265625,0.0001500561777075349,0.029382868230191143,0.006997476418192983,1.0,1e-08,262144,260447,99.35264587402344,0.4862487283802302,0.48434581930367016,1.0926829268292684
Q8_0,decoder.blocks.5.attn.out.weight,Q8_0,512x512,262144,0.0001085369372049172,9.632110595703125e-05,0.001422882080078125,0.00013613278999994918,0.025052330804508798,0.00625,1.0,1e-08,262144,260370,99.32327270507812,0.4862642291505924,0.4845109196126518,1.0972762645914398
Q8_0,decoder.blocks.5.cross_attn.query.weight,Q8_0,512x512,262144,0.00012496903309511254,0.0001163482666015625,0.0008640289306640625,0.00015182172941977055,0.028008216027071695,0.006578947368421052,1.0,1e-08,262144,260385,99.32899475097656,0.48603874434145067,0.48376685784073914,1.1041869522882182
Q8_0,decoder.blocks.5.cross_attn.key.weight,Q8_0,512x512,262144,0.00012436435440577043,0.00010967254638671875,0.001323699951171875,0.00015858594664616728,0.031815250718031006,0.007198033707865169,1.0,1e-08,262144,260450,99.35379028320312,0.48683166984678095,0.4854657633418695,1.0950048971596473
Q8_0,decoder.blocks.5.cross_attn.value.weight,Q8_0,512x512,262144,0.00016179937983906711,0.0001468658447265625,0.00251007080078125,0.00020198008189887168,0.031156979220210483,0.006883510320533949,1.0,1e-08,262144,260440,99.3499755859375,0.4864761437128161,0.48517520215633425,1.086829268292683
Q8_0,decoder.blocks.5.cross_attn.out.weight,Q8_0,512x512,262144,0.00012763977315444208,0.00011444091796875,0.0012969970703125,0.0001575450596099277,0.025468534877015035,0.0061814831403710045,1.0,1e-08,262144,260265,99.28321838378906,0.4853504795955183,0.48334549720403386,1.0965853658536586
Q8_0,encoder.conv1.weight,F16,3x80x512,122880,0.0,0.0,0.0,0.0,0.0,0.0,0.0,1e-08,0,0,nan,nan,nan,nan
Q8_0,encoder.conv2.weight,F16,3x512x512,786432,0.0,0.0,0.0,0.0,0.0,0.0,0.0,1e-08,0,0,nan,nan,nan,nan
Q8_0,encoder.blocks.0.mlp.0.weight,Q8_0,512x2048,1048576,0.00012660726088142837,0.00010967254638671875,0.0015239715576171875,0.0001604010869718019,0.04161915028475143,0.008863871635610766,1.0,1e-08,1048576,1042953,99.46374893188477,0.4857718435921949,0.4836272040302267,1.1082926829268294
Q8_0,encoder.blocks.0.mlp.2.weight,Q8_0,2048x512,1048576,0.00011373488899835138,9.584426879882812e-05,0.00183868408203125,0.00014676779746045917,0.03330074848164101,0.007997875623736583,1.0,1e-08,1048576,1042559,99.42617416381836,0.4856559089198207,0.4835164835164835,1.118048780487805
Q8_0,encoder.blocks.0.attn.query.weight,Q8_0,512x512,262144,0.00012304121582928929,7.236003875732422e-05,0.00220489501953125,0.00019537078966013255,0.10084406818113605,0.010211687537268933,1.0,1e-08,262144,260907,99.52812194824219,0.48357049786467665,0.4801530587036125,1.1020408163265305
Q8_0,encoder.blocks.0.attn.key.weight,Q8_0,512x512,262144,0.00013364983669816866,7.62939453125e-05,0.00273895263671875,0.00021769115162052711,0.12565402615094098,0.01106686590306084,1.0,1e-08,262144,260892,99.52239990234375,0.47304002952050267,0.4656964656964657,1.089579524680073
Q8_0,encoder.blocks.0.attn.value.weight,Q8_0,512x512,262144,0.00012584199430420995,0.00010037422180175781,0.0011119842529296875,0.00016474111023770822,0.08298642511720511,0.00957807953443259,1.0,1e-08,262144,260745,99.46632385253906,0.48604938433141254,0.4840840840840841,1.1090342679127725
Q8_0,encoder.blocks.0.attn.out.weight,Q8_0,512x512,262144,0.00010897012907662429,7.343292236328125e-05,0.00156402587890625,0.00016086980593460644,0.028964734382729635,0.00693328336408364,1.0,1e-08,262144,260451,99.35417175292969,0.48634640090975567,0.48440366972477067,1.1082926829268294
Q8_0,encoder.blocks.1.mlp.0.weight,Q8_0,512x2048,1048576,0.00011615902667472255,0.00010633468627929688,0.001331329345703125,0.00014262868218715868,0.035348977034831516,0.007161458333333333,1.0,1e-08,1048576,1042003,99.37314987182617,0.4860194890462078,0.4840640648186538,1.1072124756335282
Q8_0,encoder.blocks.1.mlp.2.weight,Q8_0,2048x512,1048576,0.00011655536104626663,0.00010347366333007812,0.001674652099609375,0.00014561258533767925,0.030007608023030003,0.0072852760736196315,1.0,1e-08,1048576,1042058,99.3783950805664,0.486501422175248,0.4849557522123894,1.12
Q8_0,encoder.blocks.1.attn.query.weight,Q8_0,512x512,262144,0.0001369759945646365,0.00011965632438659668,0.0014934539794921875,0.0001736818371621524,0.036003108587154914,0.007543103448275862,1.0,1e-08,262144,260539,99.38774108886719,0.4870498061349905,0.4861316133703703,1.1189083820662769
Q8_0,encoder.blocks.1.attn.key.weight,Q8_0,512x512,262144,0.00014558180487256323,0.0001163482666015625,0.0021209716796875,0.00020462463158989663,0.04056466806250894,0.008016513056835638,1.0,1e-08,262144,260568,99.3988037109375,0.48662934920844075,0.4850498338870432,1.1111111111111112
Q8_0,encoder.blocks.1.attn.value.weight,Q8_0,512x512,262144,0.00010267828133692092,9.34600830078125e-05,0.00098419189453125,0.0001259856497350194,0.03437546554013457,0.007191580323706204,1.0,1e-08,262144,260564,99.39727783203125,0.48477954454058786,0.48175182481751827,1.0985365853658537
Q8_0,encoder.blocks.1.attn.out.weight,Q8_0,512x512,262144,9.039655901688093e-05,7.82012939453125e-05,0.00164794921875,0.00011619532633886155,0.026422018177086774,0.006427626725129636,1.0,1e-08,262144,260452,99.35455322265625,0.48537855321890655,0.48249643039311746,1.0915254237288134
Q8_0,encoder.blocks.2.mlp.0.weight,Q8_0,512x2048,1048576,0.00011018014453156866,0.00010251998901367188,0.001018524169921875,0.00013405073742844934,0.02981048916168548,0.006585612968591692,1.0,1e-08,1048576,1041599,99.33462142944336,0.48619788914240675,0.48415179916090334,1.0922509225092252
Q8_0,encoder.blocks.2.mlp.2.weight,Q8_0,2048x512,1048576,0.00012805453661712818,0.00011682510375976562,0.001636505126953125,0.00015814402050130246,0.02999249897263882,0.007231404958677686,1.0,1e-08,1048576,1042038,99.3764877319336,0.48615402785815126,0.48450704225352115,1.1286307053941909
Q8_0,encoder.blocks.2.attn.query.weight,Q8_0,512x512,262144,0.0001244629297616484,0.0001068115234375,0.001216888427734375,0.0001596345313306826,0.03123437558908579,0.007276010807429673,1.0,1e-08,262144,260512,99.37744140625,0.4858399000484371,0.4838926268250885,1.0746268656716418
Q8_0,encoder.blocks.2.attn.key.weight,Q8_0,512x512,262144,0.00013119761683810793,0.000102996826171875,0.00206756591796875,0.0001883377924539599,0.03378613707980787,0.007583525653494269,1.0,1e-08,262144,260560,99.395751953125,0.48565639481775313,0.4827586206896552,1.092896174863388
Q8_0,encoder.blocks.2.attn.value.weight,Q8_0,512x512,262144,0.00011455642925284337,0.00010585784912109375,0.0008916854858398438,0.00013928770921876844,0.03224474559568463,0.007110280395694885,1.0,1e-08,262144,260546,99.39041137695312,0.4861322106642838,0.4837465564738292,1.083743842364532
Q8_0,encoder.blocks.2.attn.out.weight,Q8_0,512x512,262144,0.00010298130041519471,9.107589721679688e-05,0.0013580322265625,0.00013163941458062367,0.025483861410721006,0.00634866163349348,1.0,1e-08,262144,260347,99.31449890136719,0.4847399396739276,0.4821783268630945,1.1269487750556793
Q8_0,encoder.blocks.3.mlp.0.weight,Q8_0,512x2048,1048576,0.0001100040590813478,0.0001010894775390625,0.00263214111328125,0.00013694291423121515,0.0306502976188373,0.006599729241877256,1.0,1e-08,1048576,1041624,99.33700561523438,0.4859242095735049,0.4840685545376169,1.096774193548387
Q8_0,encoder.blocks.3.mlp.2.weight,Q8_0,2048x512,1048576,0.00012989647126460113,0.0001201629638671875,0.0022373199462890625,0.0001606601571678006,0.028561727812886805,0.006877769571639586,1.0,1e-08,1048576,1041630,99.33757781982422,0.48555474361510575,0.4836003051106026,1.1691648822269807
Q8_0,encoder.blocks.3.attn.query.weight,Q8_0,512x512,262144,0.00012768482270075765,0.00011444091796875,0.00113677978515625,0.00015946781102820775,0.03009014356165106,0.006989180805839758,1.0,1e-08,262144,260414,99.34005737304688,0.4858126178447403,0.48423075223164347,1.1121951219512196
Q8_0,encoder.blocks.3.attn.key.weight,Q8_0,512x512,262144,0.00013144887248017767,0.00010836124420166016,0.001865386962890625,0.00018022371532453352,0.03256133987694988,0.007370008089650824,1.0,1e-08,262144,260551,99.39231872558594,0.4856424164361629,0.4834331910211794,1.087719298245614
Q8_0,encoder.blocks.3.attn.value.weight,Q8_0,512x512,262144,0.00011218315171390714,0.000102996826171875,0.000946044921875,0.00013715853588685956,0.031013055915447212,0.006882967422096317,1.0,1e-08,262144,260510,99.37667846679688,0.48652128151986784,0.48498845265588914,1.0978956999085088
Q8_0,encoder.blocks.3.attn.out.weight,Q8_0,512x512,262144,0.00010204917225564714,8.7738037109375e-05,0.0012264251708984375,0.00013379493727971845,0.026512415379493608,0.006485849056603774,1.0,1e-08,262144,260278,99.28817749023438,0.4858208944937841,0.48235717613179185,1.1652173913043478
Q8_0,encoder.blocks.4.mlp.0.weight,Q8_0,512x2048,1048576,0.00011978716241856091,0.000110626220703125,0.0016021728515625,0.00014553048284688755,0.026934058119157084,0.0066167574107683005,1.0,1e-08,1048576,1041654,99.3398666381836,0.4859610699603264,0.4841104044046504,1.1121951219512196
Q8_0,encoder.blocks.4.mlp.2.weight,Q8_0,2048x512,1048576,0.00013483758982602012,0.00012445449829101562,0.0013942718505859375,0.0001644327794677683,0.02824728748218401,0.00684931506849315,1.0,1e-08,1048576,1041443,99.31974411010742,0.4859893643038712,0.4837758112094395,1.2584269662921348
Q8_0,encoder.blocks.4.attn.query.weight,Q8_0,512x512,262144,0.0001153218402123457,0.00010395050048828125,0.00113677978515625,0.00014355929389086328,0.028641957001464973,0.006738772189774981,1.0,1e-08,262144,260434,99.34768676757812,0.48589036783319267,0.4835164835164835,1.0894941634241244
Q8_0,encoder.blocks.4.attn.key.weight,Q8_0,512x512,262144,0.0001148864373590186,0.00010204315185546875,0.0016937255859375,0.0001462531200091668,0.028692417529284066,0.006777215032269508,1.0,1e-08,262144,260437,99.34883117675781,0.48583312517317667,0.48313384113166485,1.0922509225092252
Q8_0,encoder.blocks.4.attn.value.weight,Q8_0,512x512,262144,0.00011401145934542001,0.0001068115234375,0.000682830810546875,0.00013786092368024688,0.028965422423073674,0.0065813696612665685,1.0,1e-08,262144,260412,99.33929443359375,0.48558091703412254,0.48379249504696753,1.0935779816513762
Q8_0,encoder.blocks.4.attn.out.weight,Q8_0,512x512,262144,0.00010530865006330714,9.608268737792969e-05,0.001132965087890625,0.00013082015214621053,0.02693951454731564,0.006433208351745766,1.0,1e-08,262144,260355,99.31755065917969,0.4863701884492756,0.4842105263157895,1.2584269662921348
Q8_0,encoder.blocks.5.mlp.0.weight,Q8_0,512x2048,1048576,0.00012359410339968235,0.00011205673217773438,0.00165557861328125,0.00015225021518760324,0.027747841702662347,0.006628182305479331,1.0,1e-08,1048576,1041368,99.31259155273438,0.4859412746920473,0.48398576512455516,1.1403197158081706
Q8_0,encoder.blocks.5.mlp.2.weight,Q8_0,2048x512,1048576,0.0001514898334562531,0.0001373291015625,0.0012664794921875,0.000186112582217697,0.03190821443964048,0.007305194805194805,1.0,1e-08,1048576,1041856,99.359130859375,0.4860352740362712,0.4837465564738292,1.302325581395349
Q8_0,encoder.blocks.5.attn.query.weight,Q8_0,512x512,262144,0.00011279773752903566,0.000102996826171875,0.0011692047119140625,0.00013922396083898276,0.02883332697496356,0.006799163179916318,1.0,1e-08,262144,260439,99.34959411621094,0.4856597584757074,0.48377749012378635,1.0819672131147542
Q8_0,encoder.blocks.5.attn.key.weight,Q8_0,512x512,262144,0.00011388360030650801,0.00010061264038085938,0.001613616943359375,0.00014648696976342113,0.02991959011826034,0.00701530612244898,1.0,1e-08,262144,260445,99.35188293457031,0.4862707503274068,0.4846238117716024,1.0779510022271714
Q8_0,encoder.blocks.5.attn.value.weight,Q8_0,512x512,262144,0.00013266975861370156,0.00012445449829101562,0.0008525848388671875,0.00016010297901236225,0.028613948886578967,0.00654385248089326,1.0,1e-08,262144,260338,99.31106567382812,0.48607040206137087,0.484472049689441,1.0809756097560976
Q8_0,encoder.blocks.5.attn.out.weight,Q8_0,512x512,262144,0.00012145805430918699,0.00011157989501953125,0.001953125,0.00014983659281323083,0.02677073620649034,0.006375227686703097,1.0,1e-08,262144,260283,99.29008483886719,0.48575904533633923,0.4835164835164835,1.1762376237623762
Q5_1,decoder.token_embedding.weight,Q5_1,512x51865,26554880,0.0006482160340463618,0.000579833984375,0.0050506591796875,0.0008262202491743027,0.25151308829079105,0.029886032977691563,42753.0,1e-08,26554880,26490615,99.75799175142195,0.4691792799240534,0.46678023850085176,1.0282926829268293
Q5_1,decoder.blocks.0.mlp.0.weight,Q5_1,512x2048,1048576,0.0007757889941331086,0.00074005126953125,0.0045928955078125,0.0009440645908927635,0.3401782263883254,0.04488888888888889,19711.0,1e-08,1048576,1046089,99.76282119750977,0.4687795380567356,0.46632124352331605,1.0236518448438978
Q5_1,decoder.blocks.0.mlp.2.weight,Q5_1,2048x512,1048576,0.000686843325127029,0.00064849853515625,0.004913330078125,0.0008417292975821187,0.4993946886946083,0.04848866498740554,26303.0,1e-08,1048576,1046085,99.7624397277832,0.46861865269059744,0.4659674864710282,1.0239410681399632
Q5_1,decoder.blocks.0.attn.query.weight,Q5_1,512x512,262144,0.001301806203855449,0.00110626220703125,0.008109092712402344,0.0016694581690860708,0.4492615098832754,0.05220667724913649,15702.333333333334,1e-08,262144,261542,99.77035522460938,0.47001304977475605,0.46887139320329546,1.0216825672159584
Q5_1,decoder.blocks.0.attn.key.weight,Q5_1,512x512,262144,0.0013360001821638434,0.00112152099609375,0.0092010498046875,0.0017286665662425897,0.4723705955340098,0.053556172439414976,15745.0,1e-08,262144,261520,99.761962890625,0.46904268276139727,0.46660846542297396,1.0242990654205608
Q5_1,decoder.blocks.0.attn.value.weight,Q5_1,512x512,262144,0.0006005661109611538,0.000537872314453125,0.003116607666015625,0.0007499287035260806,0.36071673591198233,0.04773438340226244,8545.0,1e-08,262144,261483,99.74784851074219,0.4694645671797546,0.4672897196261682,1.0185873605947955
Q5_1,decoder.blocks.0.attn.out.weight,Q5_1,512x512,262144,0.0005606883942164131,0.00048828125,0.0044708251953125,0.0007107078611339067,0.3882879827993551,0.0475177304964539,12321.0,1e-08,262144,261507,99.75700378417969,0.469306406425551,0.4677544677544678,1.0274881516587677
Q5_1,decoder.blocks.0.cross_attn.query.weight,Q5_1,512x512,262144,0.0008143933350766019,0.00070953369140625,0.005096435546875,0.0010443787179188705,1.2280728962202339,0.049959049959049956,14977.0,1e-08,262144,261492,99.75128173828125,0.46883818958897794,0.4667114996637525,1.0255924170616113
Q5_1,decoder.blocks.0.cross_attn.key.weight,Q5_1,512x512,262144,0.0007576855589377374,0.000637054443359375,0.00872802734375,0.0010036135069226976,0.4427863838678667,0.04777070063694268,8063.0,1e-08,262144,261467,99.74174499511719,0.46927118525836675,0.4673157162726008,1.0242483026188167
Q5_1,decoder.blocks.0.cross_attn.value.weight,Q5_1,512x512,262144,0.0005308713061822345,0.0004825592041015625,0.002765655517578125,0.000660776903616451,0.3961086390893093,0.046875,11137.0,1e-08,262144,261481,99.74708557128906,0.46967351995290585,0.4672897196261682,1.0217186024551463
Q5_1,decoder.blocks.0.cross_attn.out.weight,Q5_1,512x512,262144,0.0004920706132907071,0.00045013427734375,0.00760650634765625,0.0006143546323660194,0.39600291386334197,0.04737147786275844,7855.0,1e-08,262144,261489,99.75013732910156,0.46825170073689093,0.46537258100802315,1.024085637823372
Q5_1,decoder.blocks.1.mlp.0.weight,Q5_1,512x2048,1048576,0.0007872291381545438,0.0007495880126953125,0.0045013427734375,0.000957890954340505,0.360298779893523,0.045665122435473195,24543.0,1e-08,1048576,1046061,99.76015090942383,0.4693177023449271,0.4665856622114216,1.0266299357208448
Q5_1,decoder.blocks.1.mlp.2.weight,Q5_1,2048x512,1048576,0.000718218062388587,0.0006814002990722656,0.0073394775390625,0.0008780773934344831,0.39737466569904123,0.04843832715722605,21119.0,1e-08,1048576,1046100,99.76387023925781,0.46893847115008125,0.4668587896253602,1.0278578290105667
Q5_1,decoder.blocks.1.attn.query.weight,Q5_1,512x512,262144,0.0007775428825880226,0.0005750656127929688,0.0066986083984375,0.0010663597390775542,8.670201676380874,0.07651006711409396,57855.0,1e-08,262144,261474,99.74441528320312,0.46948502628961086,0.4671986756372435,1.0200481154771452
Q5_1,decoder.blocks.1.attn.key.weight,Q5_1,512x512,262144,0.0008402525863857591,0.0006267130374908447,0.00634765625,0.001137025898958167,11.420180121867137,0.07512626262626262,46977.0,1e-08,262144,261427,99.72648620605469,0.46975013238384133,0.4672617273399384,1.0248075278015398
Q5_1,decoder.blocks.1.attn.value.weight,Q5_1,512x512,262144,0.0006577985188869206,0.0005784928798675537,0.0035088062286376953,0.0008264800695949155,6.873298167533424,0.07713319699215636,27775.0,1e-08,262144,261485,99.74861145019531,0.46721740242796944,0.4628855811554453,1.0238290879211176
Q5_1,decoder.blocks.1.attn.out.weight,Q5_1,512x512,262144,0.0005688698911399115,0.0004749298095703125,0.011627197265625,0.0007571224250140292,0.3344430796748511,0.048521432104924614,3529.6666666666665,1e-08,262144,261522,99.76272583007812,0.4692731266920005,0.46673095467695275,1.0226654578422485
Q5_1,decoder.blocks.1.cross_attn.query.weight,Q5_1,512x512,262144,0.0007842805291602417,0.0007381439208984375,0.0039520263671875,0.0009621079087577715,0.820809779222937,0.04780701754385965,27841.0,1e-08,262144,261541,99.76997375488281,0.46964275086179585,0.46826281976774903,1.0201042442293373
Q5_1,decoder.blocks.1.cross_attn.key.weight,Q5_1,512x512,262144,0.0007656777315787622,0.000698089599609375,0.00438690185546875,0.0009497926427208867,0.41398596341976623,0.046341463414634146,7849.666666666667,1e-08,262144,261473,99.74403381347656,0.4698644441022126,0.4680957927695908,1.0215934475055846
Q5_1,decoder.blocks.1.cross_attn.value.weight,Q5_1,512x512,262144,0.0005868658574854635,0.00054931640625,0.0033721923828125,0.0007214620251098169,0.3792557756180117,0.046600877192982455,5057.0,1e-08,262144,261457,99.73793029785156,0.4699607513975609,0.46788356744677484,1.0196078431372548
Q5_1,decoder.blocks.1.cross_attn.out.weight,Q5_1,512x512,262144,0.0005277437589938927,0.0004901885986328125,0.0048828125,0.0006546712101305392,0.31269768448340873,0.04730749874182184,1921.0,1e-08,262144,261503,99.75547790527344,0.4698904167707362,0.46875,1.0255057167985928
Q5_1,decoder.blocks.2.mlp.0.weight,Q5_1,512x2048,1048576,0.0007531337686259576,0.0007114410400390625,0.0148773193359375,0.0009310858895021387,0.37166922986783957,0.04614053874410852,27681.0,1e-08,1048576,1046059,99.75996017456055,0.4697784789327813,0.46753434970826274,1.0236518448438978
Q5_1,decoder.blocks.2.mlp.2.weight,Q5_1,2048x512,1048576,0.0007088455455459552,0.0006685256958007812,0.01605224609375,0.0008722160988961421,0.5062019476318564,0.04931093884582256,36417.0,1e-08,1048576,1045978,99.75223541259766,0.46882234415768537,0.4659396885108341,1.021617293835068
Q5_1,decoder.blocks.2.attn.query.weight,Q5_1,512x512,262144,0.0011193883005944372,0.00095367431640625,0.0066070556640625,0.001431493084613909,1.3950898757466677,0.049315068493150684,15937.0,1e-08,262144,261506,99.75662231445312,0.4684813206210392,0.46573681018799273,1.0245139475908707
Q5_1,decoder.blocks.2.attn.key.weight,Q5_1,512x512,262144,0.0009815857647481607,0.0007572174072265625,0.0113067626953125,0.0013568156771380769,1.9852802296979832,0.05185825410544512,28159.0,1e-08,262144,261476,99.74517822265625,0.4695341016488085,0.467396294965465,1.0226654578422485
Q5_1,decoder.blocks.2.attn.value.weight,Q5_1,512x512,262144,0.0005429597988495516,0.00045013427734375,0.003914475440979004,0.0006988967472528023,0.8748050725213136,0.049583741429970615,7743.0,1e-08,262144,261477,99.74555969238281,0.4701162590093453,0.46832348068194074,1.0198383541513594
Q5_1,decoder.blocks.2.attn.out.weight,Q5_1,512x512,262144,0.0005085484547180386,0.000438690185546875,0.00925445556640625,0.0006583579155594081,0.5834356694134827,0.05318305008187002,14625.0,1e-08,262144,261500,99.75433349609375,0.469207247365376,0.4669147311964054,1.0214752567693743
Q5_1,decoder.blocks.2.cross_attn.query.weight,Q5_1,512x512,262144,0.0007285120436790748,0.0006694793701171875,0.004207611083984375,0.0009028302634317599,0.45127383710736646,0.04798077489630692,9633.0,1e-08,262144,261505,99.75624084472656,0.4694781820811609,0.4675740592473979,1.0200481154771452
Q5_1,decoder.blocks.2.cross_attn.key.weight,Q5_1,512x512,262144,0.0007131142654088762,0.000644683837890625,0.0044403076171875,0.0008926711906950096,0.3841338495131462,0.0475,13889.0,1e-08,262144,261485,99.74861145019531,0.4696600724101889,0.4674272569964758,1.0263414634146342
Q5_1,decoder.blocks.2.cross_attn.value.weight,Q5_1,512x512,262144,0.0005795156293970649,0.000530242919921875,0.004825592041015625,0.0007218081005665182,0.39907924957897195,0.047802621434078645,10849.0,1e-08,262144,261471,99.74327087402344,0.4697933019172925,0.4681717285811553,1.0240615976900866
Q5_1,decoder.blocks.2.cross_attn.out.weight,Q5_1,512x512,262144,0.0005257525474462454,0.0004730224609375,0.005657196044921875,0.0006671583455619398,0.4185208781093946,0.046987951807228916,5953.0,1e-08,262144,261488,99.749755859375,0.4693747337792575,0.4669260700389105,1.0236966824644549
Q5_1,decoder.blocks.3.mlp.0.weight,Q5_1,512x2048,1048576,0.0007532174220727939,0.000713348388671875,0.00617218017578125,0.0009197804827822687,0.37153791474666853,0.04660347551342812,32385.0,1e-08,1048576,1046028,99.75700378417969,0.46922153852736,0.46662657847263983,1.0251517779705117
Q5_1,decoder.blocks.3.mlp.2.weight,Q5_1,2048x512,1048576,0.000683929514650572,0.000644683837890625,0.0064697265625,0.0008386083109215183,0.4317347906520206,0.04950495049504951,23679.0,1e-08,1048576,1045962,99.7507095336914,0.4689153742209574,0.4662209170259246,1.0208667736757624
Q5_1,decoder.blocks.3.attn.query.weight,Q5_1,512x512,262144,0.0009485589223459101,0.0008544921875,0.005574703216552734,0.001182289259542341,0.42084253459675214,0.047487745098039214,2748.076923076923,1e-08,262144,261498,99.75357055664062,0.469037348561035,0.46584308758221804,1.022439024390244
Q5_1,decoder.blocks.3.attn.key.weight,Q5_1,512x512,262144,0.0009442182663406129,0.000843048095703125,0.005288302898406982,0.0011850003677937706,0.627095996040757,0.04848532167395378,17238.333333333332,1e-08,262144,261453,99.73640441894531,0.469875932863583,0.46795675515052465,1.0204081632653061
Q5_1,decoder.blocks.3.attn.value.weight,Q5_1,512x512,262144,0.000603279339202345,0.0005617141723632812,0.003448486328125,0.0007416544616268513,0.4755727646736476,0.04904789382573572,4575.0,1e-08,262144,261488,99.749755859375,0.4695556118400465,0.4672720290058921,1.0190641247833623
Q5_1,decoder.blocks.3.attn.out.weight,Q5_1,512x512,262144,0.0005362619733659812,0.00047588348388671875,0.005615234375,0.0006786863394839012,0.414000789046166,0.04669593761241585,13716.333333333334,1e-08,262144,261530,99.76577758789062,0.4691265049635336,0.46556859240450366,1.0221434898139947
Q5_1,decoder.blocks.3.cross_attn.query.weight,Q5_1,512x512,262144,0.0008138853938817192,0.0007648468017578125,0.00406646728515625,0.0009975511362932954,0.3650599131236004,0.0481663929939792,4775.0,1e-08,262144,261492,99.75128173828125,0.4694095753882155,0.4669282696152721,1.0202286719437115
Q5_1,decoder.blocks.3.cross_attn.key.weight,Q5_1,512x512,262144,0.0007755387873658037,0.0006999969482421875,0.00525665283203125,0.0009706659972885667,0.39457288768239884,0.048581122763726094,6081.0,1e-08,262144,261526,99.76425170898438,0.4693970508746957,0.46722288438617404,1.021110242376857
Q5_1,decoder.blocks.3.cross_attn.value.weight,Q5_1,512x512,262144,0.0005763487929471012,0.0005350112915039062,0.0030517578125,0.0007093171917568601,0.46082597807656933,0.04734515554787899,13343.0,1e-08,262144,261458,99.73831176757812,0.4693423170973645,0.46723998887163287,1.0245746691871456
Q5_1,decoder.blocks.3.cross_attn.out.weight,Q5_1,512x512,262144,0.0005224909907610709,0.00047779083251953125,0.004852294921875,0.0006506165649035849,0.37723033320353194,0.046349182501526254,6257.0,1e-08,262144,261508,99.75738525390625,0.46761526989360586,0.46434242545492066,1.0210325047801148
Q5_1,decoder.blocks.4.mlp.0.weight,Q5_1,512x2048,1048576,0.0007434211144072833,0.000701904296875,0.006145477294921875,0.000910744197678955,0.4072633713055877,0.0468620110631623,31169.0,1e-08,1048576,1046115,99.76530075073242,0.468894525508008,0.4661776691116544,1.0251517779705117
Q5_1,decoder.blocks.4.mlp.2.weight,Q5_1,2048x512,1048576,0.0007745394100311387,0.0007266998291015625,0.0083160400390625,0.0009540047561516912,0.3981871694400186,0.0496915695681974,24481.0,1e-08,1048576,1045976,99.75204467773438,0.46925992610878553,0.4669488135416853,1.0205949656750573
Q5_1,decoder.blocks.4.attn.query.weight,Q5_1,512x512,262144,0.0008895284950085625,0.0008220672607421875,0.005035400390625,0.0011008136537906726,0.3576975253063355,0.047260101792736764,7999.0,1e-08,262144,261466,99.74136352539062,0.46886421881823725,0.4666666666666667,1.0183548606390211
Q5_1,decoder.blocks.4.attn.key.weight,Q5_1,512x512,262144,0.0009036341782575619,0.000823974609375,0.00597381591796875,0.0011283555949542952,0.3416432866713759,0.047474440079430955,5387.8,1e-08,262144,261491,99.75090026855469,0.46969909334864607,0.46716477086491215,1.0241286863270778
Q5_1,decoder.blocks.4.attn.value.weight,Q5_1,512x512,262144,0.0007000509478984895,0.000652313232421875,0.0042266845703125,0.0008612851499605318,0.4365567508933074,0.04821564160971906,9377.0,1e-08,262144,261503,99.75547790527344,0.4680437449095288,0.4643226783544988,1.0241286863270778
Q5_1,decoder.blocks.4.attn.out.weight,Q5_1,512x512,262144,0.0006231160402876412,0.0005550384521484375,0.007965087890625,0.0007879334959197442,0.4824507843304622,0.04560810810810811,25217.0,1e-08,262144,261498,99.75357055664062,0.4693336212394359,0.46634544278821444,1.024390243902439
Q5_1,decoder.blocks.4.cross_attn.query.weight,Q5_1,512x512,262144,0.0008372497670734447,0.0007915496826171875,0.00408935546875,0.0010241733111691453,0.3849093959825723,0.047374861802179445,4760.6,1e-08,262144,261511,99.75852966308594,0.4687798736690391,0.4667301541895881,1.0184147317854284
Q5_1,decoder.blocks.4.cross_attn.key.weight,Q5_1,512x512,262144,0.0008063700647653604,0.000728607177734375,0.006714820861816406,0.0010123554040961978,0.555830446459614,0.04886561954624782,15999.0,1e-08,262144,261487,99.74937438964844,0.4697761577839559,0.46769693001040025,1.0188679245283019
Q5_1,decoder.blocks.4.cross_attn.value.weight,Q5_1,512x512,262144,0.0007330250462018739,0.000690460205078125,0.0037021636962890625,0.0008969316255329518,0.4778747498803652,0.04771689497716895,17407.0,1e-08,262144,261511,99.75852966308594,0.46879148881101185,0.4660857885362222,1.0172084130019121
Q5_1,decoder.blocks.4.cross_attn.out.weight,Q5_1,512x512,262144,0.0006407778796528873,0.000598907470703125,0.00510406494140625,0.0007888723941491688,0.3115030500004421,0.04502501389660923,5097.666666666667,1e-08,262144,261470,99.74288940429688,0.4697001146374862,0.468557336621455,1.0198915009041591
Q5_1,decoder.blocks.5.mlp.0.weight,Q5_1,512x2048,1048576,0.000767645042571985,0.0007190704345703125,0.00836181640625,0.000949852087914534,0.4155148212848606,0.045970695970695974,28353.0,1e-08,1048576,1046086,99.76253509521484,0.46860127942179286,0.46618436787296874,1.0282926829268293
Q5_1,decoder.blocks.5.mlp.2.weight,Q5_1,2048x512,1048576,0.0008811973746674084,0.000823974609375,0.01617431640625,0.0010979362119743013,0.46775155096996573,0.049576482311908324,23935.0,1e-08,1048576,1045964,99.75090026855469,0.4689781191701711,0.4666088464874241,1.021110242376857
Q5_1,decoder.blocks.5.attn.query.weight,Q5_1,512x512,262144,0.0007999632698556525,0.0007572174072265625,0.00415802001953125,0.0009775560575089534,0.4164388665024795,0.04696132596685083,14335.0,1e-08,262144,261474,99.74441528320312,0.4692831514115134,0.4667956639931534,1.0200190657769304
Q5_1,decoder.blocks.5.attn.key.weight,Q5_1,512x512,262144,0.0008132890659453551,0.000762939453125,0.0044097900390625,0.0010000171186193188,0.38192918107776097,0.049235181644359464,9041.0,1e-08,262144,261528,99.7650146484375,0.468638067508127,0.4658655466053898,1.021113243761996
Q5_1,decoder.blocks.5.attn.value.weight,Q5_1,512x512,262144,0.000831804982453832,0.0007672309875488281,0.0049571990966796875,0.001027583350844414,0.34157575651490574,0.04984984984984985,1707.6666666666667,1e-08,262144,261557,99.77607727050781,0.4695244071431379,0.46801199255186987,1.0191826522101752
Q5_1,decoder.blocks.5.attn.out.weight,Q5_1,512x512,262144,0.0007534756005043164,0.00067138671875,0.00897216796875,0.000960621447083506,0.2980971633336332,0.04482974513602238,4849.0,1e-08,262144,261497,99.75318908691406,0.4681526931558784,0.46538243255042344,1.019538188277087
Q5_1,decoder.blocks.5.cross_attn.query.weight,Q5_1,512x512,262144,0.0008577233402320417,0.0008068084716796875,0.0051116943359375,0.0010493356189463165,0.3424630415620543,0.04723375541964568,7233.0,1e-08,262144,261489,99.75013732910156,0.46993056403720057,0.4681636583742729,1.0282926829268293
Q5_1,decoder.blocks.5.cross_attn.key.weight,Q5_1,512x512,262144,0.000825957609777106,0.000743865966796875,0.006538867950439453,0.0010434907284365118,0.43736478732506534,0.05040911747516073,12303.0,1e-08,262144,261504,99.755859375,0.46899674416134957,0.46631517281780904,1.0241080038572805
Q5_1,decoder.blocks.5.cross_attn.value.weight,Q5_1,512x512,262144,0.0011093330874700769,0.0010166168212890625,0.0110321044921875,0.001378825366957503,0.4440368983373788,0.04909468878206574,6379.666666666667,1e-08,262144,261484,99.74822998046875,0.4695371117646477,0.46767878985074984,1.024085637823372
Q5_1,decoder.blocks.5.cross_attn.out.weight,Q5_1,512x512,262144,0.0008877607235717733,0.000804901123046875,0.0095977783203125,0.0011112398899527135,0.36779484959503594,0.044727972295788544,6303.0,1e-08,262144,261531,99.76615905761719,0.46839528986829654,0.4656319290465632,1.0200364298724955
Q5_1,encoder.conv1.weight,F16,3x80x512,122880,0.0,0.0,0.0,0.0,0.0,0.0,0.0,1e-08,0,0,nan,nan,nan,nan
Q5_1,encoder.conv2.weight,F16,3x512x512,786432,0.0,0.0,0.0,0.0,0.0,0.0,0.0,1e-08,0,0,nan,nan,nan,nan
Q5_1,encoder.blocks.0.mlp.0.weight,Q5_1,512x2048,1048576,0.0008287229133543406,0.00074005126953125,0.0072021484375,0.0010454443592298008,0.5625660921569221,0.0610062893081761,13057.0,1e-08,1048576,1045906,99.74536895751953,0.46953782107279907,0.46726982437466735,1.02461257976299
Q5_1,encoder.blocks.0.mlp.2.weight,Q5_1,2048x512,1048576,0.0007410887688479306,0.0006389617919921875,0.008289337158203125,0.0009491784956194142,0.46638770236969385,0.05488985834073706,13183.0,1e-08,1048576,1045991,99.75347518920898,0.46899920438070625,0.46655235330375644,1.0248390064397424
Q5_1,encoder.blocks.0.attn.query.weight,Q5_1,512x512,262144,0.0007667338370538346,0.0004601478576660156,0.01300048828125,0.0011895564886610708,2.865141446337463,0.06708760852407261,31359.0,1e-08,262144,261480,99.7467041015625,0.4694528673210233,0.46675555774475475,1.0266789328426862
Q5_1,encoder.blocks.0.attn.key.weight,Q5_1,512x512,262144,0.000835127135815128,0.000499725341796875,0.01324462890625,0.0012987282499077838,6.066020586738263,0.07105263157894737,39935.0,1e-08,262144,261476,99.74517822265625,0.4684733638318512,0.4664778092540132,1.0249294449670743
Q5_1,encoder.blocks.0.attn.value.weight,Q5_1,512x512,262144,0.0008317526906012063,0.00066375732421875,0.0073699951171875,0.0010971181797095706,1.7198097009396893,0.0657769304099142,25727.0,1e-08,262144,261466,99.74136352539062,0.47143864123904394,0.4704402346536193,1.0221366698748797
Q5_1,encoder.blocks.0.attn.out.weight,Q5_1,512x512,262144,0.0007420000765705481,0.0004978179931640625,0.009647369384765625,0.0011022331023218656,0.45098881800044066,0.04948833874196422,19967.0,1e-08,262144,261486,99.74899291992188,0.46863662212695345,0.46629213483146065,1.0205819730305181
Q5_1,encoder.blocks.1.mlp.0.weight,Q5_1,512x2048,1048576,0.0007898089045283996,0.000732421875,0.006511688232421875,0.0009753943750583232,0.5218194233634635,0.05080144777662875,23297.0,1e-08,1048576,1045899,99.74470138549805,0.469427048372583,0.4673324721594864,1.0211202938475665
Q5_1,encoder.blocks.1.mlp.2.weight,Q5_1,2048x512,1048576,0.0007783085077335272,0.000701904296875,0.0069122314453125,0.0009750092684027783,0.4445549685145321,0.050860134629768135,22209.0,1e-08,1048576,1046106,99.76444244384766,0.4688371215883005,0.46612466124661245,1.0249520153550864
Q5_1,encoder.blocks.1.attn.query.weight,Q5_1,512x512,262144,0.0009181857394651161,0.000812530517578125,0.00667572021484375,0.0011604297291400833,0.5065234341543849,0.052874186550976136,3908.3333333333335,1e-08,262144,261475,99.74479675292969,0.4693385264126528,0.466864490603363,1.024793388429752
Q5_1,encoder.blocks.1.attn.key.weight,Q5_1,512x512,262144,0.0009394267053721705,0.000782012939453125,0.0096588134765625,0.0012578729562667769,0.7551395513755061,0.055643565474569695,17025.0,1e-08,262144,261488,99.749755859375,0.469045576931407,0.4660501594204669,1.0211327134404058
Q5_1,encoder.blocks.1.attn.value.weight,Q5_1,512x512,262144,0.0007034231109628308,0.0006504058837890625,0.00536346435546875,0.0008704950609621634,0.4163082655591738,0.05135063597212883,4246.333333333333,1e-08,262144,261487,99.74937438964844,0.4692929351113619,0.46659465826465185,1.020776874435411
Q5_1,encoder.blocks.1.attn.out.weight,Q5_1,512x512,262144,0.0006238647731606761,0.0005440711975097656,0.01212310791015625,0.0008060300841801805,0.32380997034957715,0.0461269170164926,5001.666666666667,1e-08,262144,261463,99.74021911621094,0.46954376897523203,0.4674005080440305,1.0263414634146342
Q5_1,encoder.blocks.2.mlp.0.weight,Q5_1,512x2048,1048576,0.0007585030267023285,0.000713348388671875,0.00545501708984375,0.0009302388937153298,0.4237171464349937,0.04724757625300691,11775.0,1e-08,1048576,1045956,99.75013732910156,0.46935221934813753,0.46715328467153283,1.0274881516587677
Q5_1,encoder.blocks.2.mlp.2.weight,Q5_1,2048x512,1048576,0.0008550838912810832,0.0007953643798828125,0.0076141357421875,0.0010580344620675882,0.4210096825161897,0.05060240963855422,35841.0,1e-08,1048576,1046101,99.76396560668945,0.46919963164493617,0.4665391969407266,1.0236518448438978
Q5_1,encoder.blocks.2.attn.query.weight,Q5_1,512x512,262144,0.0008290015803140705,0.0007314682006835938,0.0057811737060546875,0.0010535826129340503,0.41245635860759006,0.05090298145114618,2676.3333333333335,1e-08,262144,261528,99.7650146484375,0.46874476898143036,0.4659676815393035,1.0248390064397424
Q5_1,encoder.blocks.2.attn.key.weight,Q5_1,512x512,262144,0.0008463898091122246,0.000701904296875,0.01024627685546875,0.0011480676283633902,0.45839856525030925,0.05292542954482171,8815.0,1e-08,262144,261539,99.76921081542969,0.46901896631245704,0.4670864338866629,1.026188166828322
Q5_1,encoder.blocks.2.attn.value.weight,Q5_1,512x512,262144,0.0007850780389162537,0.000732421875,0.0047779083251953125,0.0009658362771343377,0.46901266864040386,0.05063090525523815,6251.666666666667,1e-08,262144,261510,99.75814819335938,0.4690505582295378,0.46701415436681815,1.021759697256386
Q5_1,encoder.blocks.2.attn.out.weight,Q5_1,512x512,262144,0.0007144226772197726,0.000637054443359375,0.008026123046875,0.000920223761365873,0.3076471596030091,0.0458535497371167,6399.0,1e-08,262144,261510,99.75814819335938,0.4685117637908571,0.4657534246575342,1.0235198702351986
Q5_1,encoder.blocks.3.mlp.0.weight,Q5_1,512x2048,1048576,0.0007565071927615463,0.000701904296875,0.011260986328125,0.0009486991876936315,0.5259294246737896,0.047229791099000905,30975.0,1e-08,1048576,1046016,99.755859375,0.4687729907139023,0.46642673293525305,1.024793388429752
Q5_1,encoder.blocks.3.mlp.2.weight,Q5_1,2048x512,1048576,0.0008820504203299606,0.000827789306640625,0.009716033935546875,0.0010898499785077505,0.36446215303814433,0.04886475814412636,7295.0,1e-08,1048576,1045989,99.7532844543457,0.4691307117957825,0.46663578774973785,1.0278578290105667
Q5_1,encoder.blocks.3.attn.query.weight,Q5_1,512x512,262144,0.0008608789837580844,0.000789642333984375,0.00565338134765625,0.0010716239615258252,0.3857108244282954,0.04955918560497818,4849.0,1e-08,262144,261546,99.77188110351562,0.4691659523004997,0.46546830652790916,1.0225022502250225
Q5_1,encoder.blocks.3.attn.key.weight,Q5_1,512x512,262144,0.0008575632648444298,0.0007419586181640625,0.010654449462890625,0.0011227245552091901,0.4236331026518795,0.05179108877449162,4799.0,1e-08,262144,261454,99.73678588867188,0.46944782542305447,0.46673598358875035,1.0222222222222221
Q5_1,encoder.blocks.3.attn.value.weight,Q5_1,512x512,262144,0.000770495549431871,0.0007152557373046875,0.0060882568359375,0.0009531794866495112,0.44915179575642455,0.049250127097102185,10463.0,1e-08,262144,261503,99.75547790527344,0.4687650978898448,0.4669967221388611,1.0255924170616113
Q5_1,encoder.blocks.3.attn.out.weight,Q5_1,512x512,262144,0.0006999764573265566,0.000606536865234375,0.00799560546875,0.0009229859930710141,0.4978659206749143,0.04644583115154871,26497.0,1e-08,262144,261465,99.74098205566406,0.467859421290591,0.46467817896389324,1.020329138431752
Q5_1,encoder.blocks.4.mlp.0.weight,Q5_1,512x2048,1048576,0.000813012653225087,0.000759124755859375,0.006317138671875,0.0009987334106004483,0.37974726672648323,0.04675716440422323,21503.0,1e-08,1048576,1045880,99.74288940429688,0.4689113200031609,0.4665052461662631,1.0262443438914026
Q5_1,encoder.blocks.4.mlp.2.weight,Q5_1,2048x512,1048576,0.0009179615626067061,0.0008563995361328125,0.00638580322265625,0.0011317975056001825,0.394214753429023,0.048376760254922144,17279.0,1e-08,1048576,1045893,99.7441291809082,0.46920276993928467,0.4669260700389105,1.0252100840336134
Q5_1,encoder.blocks.4.attn.query.weight,Q5_1,512x512,262144,0.0007824746205642441,0.0007190704345703125,0.00550079345703125,0.0009712663900921551,0.48727778692935575,0.04787995810746731,28929.0,1e-08,262144,261513,99.75929260253906,0.46935164105838684,0.46795675515052465,1.0232185748598879
Q5_1,encoder.blocks.4.attn.key.weight,Q5_1,512x512,262144,0.0007756096545108448,0.000705718994140625,0.00809478759765625,0.0009722781962038308,0.46595217920252263,0.04826336557919962,10047.0,1e-08,262144,261540,99.76959228515625,0.4694635665774482,0.46790091420261215,1.0189962476547842
Q5_1,encoder.blocks.4.attn.value.weight,Q5_1,512x512,262144,0.0007864380204409827,0.00074005126953125,0.004302978515625,0.0009631391682116284,0.5226587501368057,0.04720363288718929,18177.0,1e-08,262144,261531,99.76615905761719,0.46859764745189625,0.46649612352383135,1.0226385636221702
Q5_1,encoder.blocks.4.attn.out.weight,Q5_1,512x512,262144,0.0007298222881217953,0.00067138671875,0.006801128387451172,0.0009139819988500466,0.3817941484751709,0.0463869365382471,3755.6666666666665,1e-08,262144,261494,99.75204467773438,0.46959069511538554,0.4673060156931125,1.0215613382899629
Q5_1,encoder.blocks.5.mlp.0.weight,Q5_1,512x2048,1048576,0.0008352470712225113,0.000766754150390625,0.007038116455078125,0.001036037729954168,0.34682736071591047,0.04665182424658405,10687.0,1e-08,1048576,1045928,99.74746704101562,0.4689352233537316,0.46635367762128327,1.0240153698366954
Q5_1,encoder.blocks.5.mlp.2.weight,Q5_1,2048x512,1048576,0.0010200266229389854,0.0009307861328125,0.0055599212646484375,0.0012672284903838223,0.5543482741989814,0.05115830115830116,26239.0,1e-08,1048576,1045965,99.75099563598633,0.4690251217858946,0.46663701154194837,1.0270774976657329
Q5_1,encoder.blocks.5.attn.query.weight,Q5_1,512x512,262144,0.0007664039389965183,0.00070953369140625,0.00551605224609375,0.0009475134818041313,0.37842833849071866,0.04824798740033996,4948.333333333333,1e-08,262144,261499,99.75395202636719,0.4691090393542139,0.4665438503042702,1.0220941402497599
Q5_1,encoder.blocks.5.attn.key.weight,Q5_1,512x512,262144,0.0007606246470004407,0.0006870031356811523,0.00832366943359375,0.0009594113204603042,0.41796607964577137,0.049357833672280235,9153.0,1e-08,262144,261519,99.76158142089844,0.4677741747961163,0.4647016190605346,1.024085637823372
Q5_1,encoder.blocks.5.attn.value.weight,Q5_1,512x512,262144,0.000915837976435796,0.0008690357208251953,0.0039215087890625,0.0011192838920035682,0.4567888637832702,0.04707012487992315,14993.0,1e-08,262144,261531,99.76615905761719,0.46837966840037376,0.4655668582425183,1.0232991612301958
Q5_1,encoder.blocks.5.attn.out.weight,Q5_1,512x512,262144,0.0008414903600169055,0.0007781982421875,0.01042938232421875,0.0010493585993383943,0.3996160144427379,0.045836076366030286,5419.666666666667,1e-08,262144,261457,99.73793029785156,0.4692764621405999,0.4668897219269289,1.0266299357208448
Q4_0,decoder.token_embedding.weight,Q4_0,512x51865,26554880,0.0020096257482718643,0.001796722412109375,0.0189666748046875,0.0025447879989179707,0.22271331708887956,0.09462528387585163,1.0,1e-08,26554880,26545286,99.96387104743083,0.4843994560505392,0.48354600402955006,2.0
Q4_0,decoder.blocks.0.mlp.0.weight,Q4_0,512x2048,1048576,0.0017805248088507142,0.0016813278198242188,0.0128173828125,0.0021495908855192064,0.23769759595445117,0.10062414089904856,1.0,1e-08,1048576,1043058,99.47376251220703,0.4889825889069901,0.4854783152390155,2.0
Q4_0,decoder.blocks.0.mlp.2.weight,Q4_0,2048x512,1048576,0.001613928736503567,0.00150299072265625,0.014556884765625,0.0019725593395779847,0.2586135625104116,0.11046511627906977,1.0,1e-08,1048576,1043993,99.56293106079102,0.4889201928298095,0.4861354375955379,2.0
Q4_0,decoder.blocks.0.attn.query.weight,Q4_0,512x512,262144,0.003114028430672988,0.0025920867919921875,0.02386474609375,0.0040097129954578085,0.28014364856895835,0.12135132687415864,1.0,1e-08,262144,261114,99.60708618164062,0.48797188761103405,0.4856861415315954,2.0
Q4_0,decoder.blocks.0.attn.key.weight,Q4_0,512x512,262144,0.0032388423319389403,0.002643585205078125,0.0257720947265625,0.004219737477783291,0.2906333487226179,0.1257527602046984,1.0,1e-08,262144,261173,99.62959289550781,0.48833611673763494,0.4865683096413558,2.0
Q4_0,decoder.blocks.0.attn.value.weight,Q4_0,512x512,262144,0.0013901557679218968,0.00124359130859375,0.01015472412109375,0.0017248267348550662,0.25230254637735516,0.10725758366636201,1.0,1e-08,262144,260893,99.52278137207031,0.4895089003292671,0.48720295486963683,2.0
Q4_0,decoder.blocks.0.attn.out.weight,Q4_0,512x512,262144,0.0012936460857417842,0.001125335693359375,0.014617919921875,0.0016253505316468503,0.2542128231525562,0.10702054794520548,1.0,1e-08,262144,260865,99.51210021972656,0.48842335551214533,0.4855191425954483,2.0
Q4_0,decoder.blocks.0.cross_attn.query.weight,Q4_0,512x512,262144,0.0018818484445546346,0.001617431640625,0.0164947509765625,0.0024210260489369567,0.27501033085874066,0.11475409836065574,1.0,1e-08,262144,261011,99.56779479980469,0.4811494225549123,0.4774298913967525,2.0
Q4_0,decoder.blocks.0.cross_attn.key.weight,Q4_0,512x512,262144,0.00178096660670235,0.00147247314453125,0.031341552734375,0.0023828503926979763,0.26109544892192205,0.10865051903114187,1.0,1e-08,262144,260993,99.56092834472656,0.48782407243865267,0.484885185402144,2.0
Q4_0,decoder.blocks.0.cross_attn.value.weight,Q4_0,512x512,262144,0.001230465790740709,0.0011081695556640625,0.0086669921875,0.001523754909511965,0.2516379870693787,0.10588235294117647,1.0,1e-08,262144,260852,99.50714111328125,0.4897818641275588,0.48711605444466544,2.0
Q4_0,decoder.blocks.0.cross_attn.out.weight,Q4_0,512x512,262144,0.001148974556599569,0.00103759765625,0.01531982421875,0.001429463162438566,0.253282458368115,0.10787054956580369,1.0,1e-08,262144,260910,99.52926635742188,0.4890037375772345,0.4864588656106285,2.0
Q4_0,decoder.blocks.1.mlp.0.weight,Q4_0,512x2048,1048576,0.001814803558204403,0.00171661376953125,0.014007568359375,0.0021930126799731765,0.24144285247979505,0.1024713682941531,1.0,1e-08,1048576,1043309,99.49769973754883,0.4893230274444287,0.48636035281995116,2.0
Q4_0,decoder.blocks.1.mlp.2.weight,Q4_0,2048x512,1048576,0.001680293175695624,0.0015716552734375,0.0226287841796875,0.002047942364142685,0.2578934721256634,0.10975609756097561,1.0,1e-08,1048576,1043819,99.54633712768555,0.48851701179959306,0.4854133134901083,2.0
Q4_0,decoder.blocks.1.attn.query.weight,Q4_0,512x512,262144,0.0014425823719648179,0.0007781982421875,0.019775390625,0.0022384281935136593,0.43783081592688583,0.18532246108228317,1.0,1e-08,262144,261197,99.63874816894531,0.3864679649853934,0.3338264569578212,2.0
Q4_0,decoder.blocks.1.attn.key.weight,Q4_0,512x512,262144,0.001520285820333811,0.000885009765625,0.0166015625,0.0023253214972330585,0.4360312909220937,0.1793160967472894,1.0,1e-08,262144,261062,99.58724975585938,0.37926660876890717,0.321353065539112,2.0
Q4_0,decoder.blocks.1.attn.value.weight,Q4_0,512x512,262144,0.0012006327526705718,0.00084686279296875,0.00972747802734375,0.0016832519334364668,0.4403115437383828,0.18374259102455545,1.0,1e-08,262144,260987,99.55863952636719,0.3778900779800828,0.30761316518508897,2.0
Q4_0,decoder.blocks.1.attn.out.weight,Q4_0,512x512,262144,0.0013127618503858685,0.001102447509765625,0.039337158203125,0.0017228458259906582,0.25771002751663413,0.10941829199758152,1.0,1e-08,262144,260882,99.51858520507812,0.4885425229258757,0.48511486315258867,2.0
Q4_0,decoder.blocks.1.cross_attn.query.weight,Q4_0,512x512,262144,0.0018053696933293395,0.0016727447509765625,0.01161956787109375,0.0022121065099000754,0.2588446690357685,0.10770381451009724,1.0,1e-08,262144,260857,99.50904846191406,0.4857312113267348,0.48213836364943563,2.0
Q4_0,decoder.blocks.1.cross_attn.key.weight,Q4_0,512x512,262144,0.00177526845891407,0.0016021728515625,0.0134124755859375,0.002190438765912708,0.24678492175881603,0.10446735395189004,1.0,1e-08,262144,260968,99.5513916015625,0.48876238068899336,0.48592999313658203,2.0
Q4_0,decoder.blocks.1.cross_attn.value.weight,Q4_0,512x512,262144,0.0013453588542233774,0.001247406005859375,0.0094757080078125,0.001641463040852737,0.24914938415283927,0.10418963616317531,1.0,1e-08,262144,260774,99.47738647460938,0.4885290526296253,0.4855949640789565,2.0
Q4_0,decoder.blocks.1.cross_attn.out.weight,Q4_0,512x512,262144,0.0012288361908758816,0.001125335693359375,0.0121002197265625,0.0015200047167554125,0.25054668783760875,0.10666666666666667,1.0,1e-08,262144,260931,99.53727722167969,0.48983913620603686,0.48763037632402206,2.0
Q4_0,decoder.blocks.2.mlp.0.weight,Q4_0,512x2048,1048576,0.0017392157899394078,0.0016326904296875,0.052215576171875,0.0021353671005443072,0.2447364513634216,0.10392609699769054,1.0,1e-08,1048576,1043413,99.50761795043945,0.48945868082223376,0.4868849370303385,2.0
Q4_0,decoder.blocks.2.mlp.2.weight,Q4_0,2048x512,1048576,0.0016660485462125507,0.00154876708984375,0.05706787109375,0.0020533711782996563,0.263631973834335,0.11244335024268687,1.0,1e-08,1048576,1044007,99.56426620483398,0.4888032282837633,0.4860614724803431,2.0
Q4_0,decoder.blocks.2.attn.query.weight,Q4_0,512x512,262144,0.002544075192872697,0.00213623046875,0.021453857421875,0.0032875903424794553,0.27494127664997164,0.11131059245960502,1.0,1e-08,262144,260871,99.51438903808594,0.47545734202617096,0.4696446542661258,2.0
Q4_0,decoder.blocks.2.attn.key.weight,Q4_0,512x512,262144,0.002305023057033395,0.001708984375,0.04180908203125,0.0033925035875839115,0.2957227790314909,0.11988086373790022,1.0,1e-08,262144,261006,99.56588745117188,0.4732657350072321,0.4670711941612963,2.0
Q4_0,decoder.blocks.2.attn.value.weight,Q4_0,512x512,262144,0.0012300737701025355,0.0009975433349609375,0.011566162109375,0.0015999171608874088,0.27657856681029835,0.11192214111922141,1.0,1e-08,262144,260857,99.50904846191406,0.4770419172061189,0.47051480199863205,2.0
Q4_0,decoder.blocks.2.attn.out.weight,Q4_0,512x512,262144,0.0011839993542253069,0.0010223388671875,0.021484375,0.0015167276219975009,0.2943754260786402,0.12239649462502117,1.0,1e-08,262144,260979,99.55558776855469,0.48617164108285016,0.48136852588818224,2.0
Q4_0,decoder.blocks.2.cross_attn.query.weight,Q4_0,512x512,262144,0.0016984121471068647,0.0015411376953125,0.0133209228515625,0.0020984040357686006,0.25659964677146685,0.10848732035501593,1.0,1e-08,262144,260903,99.52659606933594,0.48906915585837,0.4872696403766013,2.0
Q4_0,decoder.blocks.2.cross_attn.key.weight,Q4_0,512x512,262144,0.0016575297520375898,0.001476287841796875,0.0112152099609375,0.0020696408671431804,0.2546447458835339,0.10700293171858571,1.0,1e-08,262144,260879,99.51744079589844,0.4882735006770181,0.48439091438326776,2.0
Q4_0,decoder.blocks.2.cross_attn.value.weight,Q4_0,512x512,262144,0.0013426782797978376,0.001220703125,0.013214111328125,0.0016649157767321557,0.2589122659550715,0.10773809523809524,1.0,1e-08,262144,260859,99.50981140136719,0.48829966919361634,0.48533333333333334,2.0
Q4_0,decoder.blocks.2.cross_attn.out.weight,Q4_0,512x512,262144,0.0012242388568211027,0.0010852813720703125,0.0157012939453125,0.0015526113855825008,0.2492647857207889,0.10614995787700084,1.0,1e-08,262144,260851,99.50675964355469,0.4893644985933794,0.48608335683893955,2.0
Q4_0,decoder.blocks.3.mlp.0.weight,Q4_0,512x2048,1048576,0.0017425911331088173,0.0016326904296875,0.0198211669921875,0.0021180154480393175,0.24731060798984406,0.10459183673469388,1.0,1e-08,1048576,1043381,99.50456619262695,0.4889634640914147,0.48595689092096667,2.0
Q4_0,decoder.blocks.3.mlp.2.weight,Q4_0,2048x512,1048576,0.0016082159395978124,0.0015001296997070312,0.019439697265625,0.0019645423841973975,0.2638911644136495,0.11304347826086956,1.0,1e-08,1048576,1043986,99.56226348876953,0.4889796447808359,0.48677778264560845,2.0
Q4_0,decoder.blocks.3.attn.query.weight,Q4_0,512x512,262144,0.0021764589530448575,0.0019378662109375,0.014801025390625,0.0027072422159801273,0.25783823369681325,0.10714285714285714,1.0,1e-08,262144,260928,99.5361328125,0.4834588031730507,0.4784884127806791,2.0
Q4_0,decoder.blocks.3.attn.key.weight,Q4_0,512x512,262144,0.002172482997593761,0.00191497802734375,0.01654052734375,0.002731527749035866,0.2643448250010342,0.10919540229885058,1.0,1e-08,262144,260945,99.54261779785156,0.4826491477031213,0.4774193548387097,2.0
Q4_0,decoder.blocks.3.attn.value.weight,Q4_0,512x512,262144,0.0013890642887872673,0.00127410888671875,0.01026153564453125,0.0017083267587206814,0.2665825481883114,0.11050228310502283,1.0,1e-08,262144,260921,99.53346252441406,0.48450591718659486,0.4800527566341511,2.0
Q4_0,decoder.blocks.3.attn.out.weight,Q4_0,512x512,262144,0.0012390084536946233,0.001087188720703125,0.0153961181640625,0.0015617717653851873,0.2478784786915046,0.10476190476190476,1.0,1e-08,262144,260853,99.50752258300781,0.48811343727279133,0.48432565325005394,2.0
Q4_0,decoder.blocks.3.cross_attn.query.weight,Q4_0,512x512,262144,0.0018959042906772083,0.00176239013671875,0.01224517822265625,0.002311030777625253,0.2582368786184007,0.10915212673927321,1.0,1e-08,262144,260946,99.54299926757812,0.4890839831722316,0.4868761734954273,2.0
Q4_0,decoder.blocks.3.cross_attn.key.weight,Q4_0,512x512,262144,0.0018215653931292763,0.001621246337890625,0.0149688720703125,0.002280282611484032,0.262952448119965,0.11017447134012123,1.0,1e-08,262144,260938,99.53994750976562,0.4889228408148142,0.48551144474112884,2.0
Q4_0,decoder.blocks.3.cross_attn.value.weight,Q4_0,512x512,262144,0.0013357208486013405,0.00122833251953125,0.0098419189453125,0.0016327547209704564,0.2563206486987959,0.10723860589812333,1.0,1e-08,262144,260896,99.52392578125,0.4889103714262513,0.4860167866980459,2.0
Q4_0,decoder.blocks.3.cross_attn.out.weight,Q4_0,512x512,262144,0.001211172412013184,0.0011005401611328125,0.013397216796875,0.001498336379200362,0.24675549657623247,0.1047199389318959,1.0,1e-08,262144,260863,99.51133728027344,0.48900395611220454,0.48569597703045836,2.0
Q4_0,decoder.blocks.4.mlp.0.weight,Q4_0,512x2048,1048576,0.0017259705161905003,0.001605987548828125,0.0217437744140625,0.002109655268731252,0.24899606787497755,0.10570987654320987,1.0,1e-08,1048576,1043408,99.50714111328125,0.48923134501342525,0.48613737961675196,2.0
Q4_0,decoder.blocks.4.mlp.2.weight,Q4_0,2048x512,1048576,0.0018269395762899876,0.00168609619140625,0.0211181640625,0.0022524984080072434,0.26528635100373554,0.11361788470093781,1.0,1e-08,1048576,1044184,99.58114624023438,0.4881054706767639,0.4852136375942875,2.0
Q4_0,decoder.blocks.4.attn.query.weight,Q4_0,512x512,262144,0.002074188021651935,0.00189208984375,0.0161285400390625,0.0025594760125484325,0.25291947728644565,0.1070794490106305,1.0,1e-08,262144,260873,99.51515197753906,0.489369793538348,0.48664956046261687,2.0
Q4_0,decoder.blocks.4.attn.key.weight,Q4_0,512x512,262144,0.002105591020836073,0.00189971923828125,0.018707275390625,0.002620689433306749,0.254463659051461,0.10710290582804775,1.0,1e-08,262144,260916,99.53155517578125,0.48906371980541924,0.4858757062146893,2.0
Q4_0,decoder.blocks.4.attn.value.weight,Q4_0,512x512,262144,0.0016317143820288038,0.0015020370483398438,0.0143280029296875,0.0019962566878345225,0.2594689873652312,0.10946012877662209,1.0,1e-08,262144,260985,99.55787658691406,0.48821685902623185,0.48476047202147754,2.0
Q4_0,decoder.blocks.4.attn.out.weight,Q4_0,512x512,262144,0.0014328494751225662,0.001270294189453125,0.0201873779296875,0.001797816833185019,0.24164003131209513,0.1023535851122058,1.0,1e-08,262144,260849,99.50599670410156,0.4887761211564712,0.4853067171334641,2.0
Q4_0,decoder.blocks.4.cross_attn.query.weight,Q4_0,512x512,262144,0.001949393785025677,0.0018157958984375,0.0134429931640625,0.0023770391668560967,0.2543319466709556,0.10719530102790015,1.0,1e-08,262144,260895,99.52354431152344,0.4882379144544288,0.4842365000815705,2.0
Q4_0,decoder.blocks.4.cross_attn.key.weight,Q4_0,512x512,262144,0.0018941149373858934,0.0016937255859375,0.0174407958984375,0.0023802225019705814,0.26688771861106114,0.11122047244094488,1.0,1e-08,262144,260924,99.53460693359375,0.4885021039428753,0.48555828295248316,2.0
Q4_0,decoder.blocks.4.cross_attn.value.weight,Q4_0,512x512,262144,0.0016942516829203669,0.00157928466796875,0.0106048583984375,0.002061629546741311,0.2600118417613107,0.10785463071512309,1.0,1e-08,262144,260878,99.51705932617188,0.4872512202646193,0.48412357790040195,2.0
Q4_0,decoder.blocks.4.cross_attn.out.weight,Q4_0,512x512,262144,0.00146934277836408,0.00136566162109375,0.01134490966796875,0.001793564073082446,0.23552108647598252,0.10095238095238095,1.0,1e-08,262144,260771,99.47624206542969,0.489723636929354,0.48678634961314327,2.0
Q4_0,decoder.blocks.5.mlp.0.weight,Q4_0,512x2048,1048576,0.0017848889825131664,0.00164794921875,0.024871826171875,0.0022075917818636884,0.24423123590885548,0.10369068541300527,1.0,1e-08,1048576,1043410,99.50733184814453,0.489213395126053,0.4866920152091255,2.0
Q4_0,decoder.blocks.5.mlp.2.weight,Q4_0,2048x512,1048576,0.0020948807306808703,0.0019073486328125,0.05694580078125,0.0026582246204012124,0.2667916284372663,0.11306042884990253,1.0,1e-08,1048576,1044075,99.57075119018555,0.48806296605756333,0.48535564853556484,2.0
Q4_0,decoder.blocks.5.attn.query.weight,Q4_0,512x512,262144,0.0018576851280158735,0.00174713134765625,0.01387786865234375,0.0022568512070412446,0.24936613224391613,0.1061114842175957,1.0,1e-08,262144,260927,99.53575134277344,0.4896566460703539,0.48757759571451076,2.0
Q4_0,decoder.blocks.5.attn.key.weight,Q4_0,512x512,262144,0.0019110502842067945,0.00176239013671875,0.0160064697265625,0.002347470635609074,0.2639890627088116,0.11212293682413205,1.0,1e-08,262144,261001,99.56398010253906,0.48822936626473024,0.48513302034428796,2.0
Q4_0,decoder.blocks.5.attn.value.weight,Q4_0,512x512,262144,0.001943695241379828,0.0017728805541992188,0.0167999267578125,0.0023915164677201397,0.2661983583504598,0.11275669159832655,1.0,1e-08,262144,260976,99.554443359375,0.48760874639434393,0.4847327096330254,2.0
Q4_0,decoder.blocks.5.attn.out.weight,Q4_0,512x512,262144,0.0017314729975623777,0.00153350830078125,0.0296173095703125,0.0021850434963048416,0.23730584766191082,0.10084033613445378,1.0,1e-08,262144,260834,99.50027465820312,0.4890083333864982,0.4862699253196561,2.0
Q4_0,decoder.blocks.5.cross_attn.query.weight,Q4_0,512x512,262144,0.001991739656205027,0.00185394287109375,0.01375579833984375,0.00243126106932429,0.2538221994892459,0.1060365203864666,1.0,1e-08,262144,260854,99.50790405273438,0.4888774401028791,0.48533264710928115,2.0
Q4_0,decoder.blocks.5.cross_attn.key.weight,Q4_0,512x512,262144,0.001960274826615205,0.001739501953125,0.019622802734375,0.002477500771274789,0.27812166642256675,0.11640530759951749,1.0,1e-08,262144,261105,99.60365295410156,0.48765202398998897,0.4846153846153846,2.0
Q4_0,decoder.blocks.5.cross_attn.value.weight,Q4_0,512x512,262144,0.0025647561417372344,0.00232696533203125,0.039215087890625,0.0032054782122294973,0.26993321098227835,0.11101658730043856,1.0,1e-08,262144,260846,99.50485229492188,0.48748574909585285,0.4836882746447151,2.0
Q4_0,decoder.blocks.5.cross_attn.out.weight,Q4_0,512x512,262144,0.0020376861650674982,0.0018310546875,0.02679443359375,0.002531872372665406,0.23536669425403703,0.10013812154696132,1.0,1e-08,262144,260730,99.46060180664062,0.4883593488945716,0.48484848484848486,2.0
Q4_0,encoder.conv1.weight,F16,3x80x512,122880,0.0,0.0,0.0,0.0,0.0,0.0,0.0,1e-08,0,0,nan,nan,nan,nan
Q4_0,encoder.conv2.weight,F16,3x512x512,786432,0.0,0.0,0.0,0.0,0.0,0.0,0.0,1e-08,0,0,nan,nan,nan,nan
Q4_0,encoder.blocks.0.mlp.0.weight,Q4_0,512x2048,1048576,0.0019987811885471274,0.00173187255859375,0.022430419921875,0.002541485972178431,0.33606717604696656,0.1452249408050513,1.0,1e-08,1048576,1044977,99.65677261352539,0.48465742129993605,0.48080742361809375,2.0
Q4_0,encoder.blocks.0.mlp.2.weight,Q4_0,2048x512,1048576,0.001809848609866549,0.0015306472778320312,0.029571533203125,0.0023394938355407306,0.2966882530369356,0.13037127156545886,1.0,1e-08,1048576,1044939,99.65314865112305,0.48776904429057344,0.48568831692261444,2.0
Q4_0,encoder.blocks.0.attn.query.weight,Q4_0,512x512,262144,0.0017600910762212152,0.00096893310546875,0.037353515625,0.002889309750100027,0.395252391228277,0.17194928684627575,1.0,1e-08,262144,261393,99.71351623535156,0.44568929732115126,0.4257622391825703,2.0
Q4_0,encoder.blocks.0.attn.key.weight,Q4_0,512x512,262144,0.001926250160067866,0.001064300537109375,0.039825439453125,0.003215740548609496,0.411085463921916,0.18457285122400346,1.0,1e-08,262144,261486,99.74899291992188,0.43718953274605754,0.41879271467757684,2.0
Q4_0,encoder.blocks.0.attn.value.weight,Q4_0,512x512,262144,0.0018591045534321893,0.001392364501953125,0.0178985595703125,0.0025256856502592555,0.3709188759294671,0.15871121718377088,1.0,1e-08,262144,261278,99.66964721679688,0.4522237456833954,0.4343226354677251,2.0
Q4_0,encoder.blocks.0.attn.out.weight,Q4_0,512x512,262144,0.001731770978494751,0.001163482666015625,0.0308837890625,0.0025649739947496853,0.26434154725577674,0.11181701684915042,1.0,1e-08,262144,260912,99.530029296875,0.4888305340455531,0.4862298195631529,2.0
Q4_0,encoder.blocks.1.mlp.0.weight,Q4_0,512x2048,1048576,0.0018331602627768007,0.00167083740234375,0.021942138671875,0.00226692138060553,0.28040059474724083,0.11647727272727272,1.0,1e-08,1048576,1043973,99.5610237121582,0.48442875411821584,0.47957010941142236,2.0
Q4_0,encoder.blocks.1.mlp.2.weight,Q4_0,2048x512,1048576,0.0018538612896463746,0.00164794921875,0.0263519287109375,0.0023226115451710737,0.27278854101807953,0.11809045226130653,1.0,1e-08,1048576,1044440,99.60556030273438,0.48843798739936706,0.48548094373865697,2.0
Q4_0,encoder.blocks.1.attn.query.weight,Q4_0,512x512,262144,0.002164911733871122,0.00189208984375,0.0237274169921875,0.0027518409937601087,0.2937514065673894,0.12309644670050761,1.0,1e-08,262144,261009,99.56703186035156,0.48638424355291116,0.48315823230806876,2.0
Q4_0,encoder.blocks.1.attn.key.weight,Q4_0,512x512,262144,0.0022740257818441023,0.0018310546875,0.031890869140625,0.003153494182369821,0.3102845361074124,0.13063479799109412,1.0,1e-08,262144,261140,99.61700439453125,0.48428592200455,0.4806201550387597,2.0
Q4_0,encoder.blocks.1.attn.value.weight,Q4_0,512x512,262144,0.0016294475096856331,0.00148773193359375,0.01526641845703125,0.002009746121460255,0.2841781379457444,0.1176954732510288,1.0,1e-08,262144,260934,99.53842163085938,0.4858070788813772,0.48176804874911394,2.0
Q4_0,encoder.blocks.1.attn.out.weight,Q4_0,512x512,262144,0.0014460286713529058,0.001251220703125,0.0246124267578125,0.0018671370113466379,0.2436438750159033,0.1040650406504065,1.0,1e-08,262144,260844,99.50408935546875,0.48923526420180796,0.48634026125311347,2.0
Q4_0,encoder.blocks.2.mlp.0.weight,Q4_0,512x2048,1048576,0.0017489409772792897,0.00162506103515625,0.0181121826171875,0.0021403963602474505,0.25685354396940635,0.10641296687808316,1.0,1e-08,1048576,1043524,99.51820373535156,0.4869928994842332,0.4827586206896552,2.0
Q4_0,encoder.blocks.2.mlp.2.weight,Q4_0,2048x512,1048576,0.0020358520715149098,0.001861572265625,0.0260009765625,0.0025216491449212806,0.27186882316294364,0.117,1.0,1e-08,1048576,1044455,99.60699081420898,0.48775550512101573,0.48507462686567165,2.0
Q4_0,encoder.blocks.2.attn.query.weight,Q4_0,512x512,262144,0.0019764712983487698,0.00170135498046875,0.019927978515625,0.002542838496255996,0.2773335454059238,0.11733051268155661,1.0,1e-08,262144,261034,99.57656860351562,0.4874886685860949,0.4842905695163226,2.0
Q4_0,encoder.blocks.2.attn.key.weight,Q4_0,512x512,262144,0.002062044691911069,0.00164031982421875,0.030181884765625,0.0028889488462634076,0.2917664822175731,0.12386484248902999,1.0,1e-08,262144,261150,99.62081909179688,0.486726600230115,0.4839650145772595,2.0
Q4_0,encoder.blocks.2.attn.value.weight,Q4_0,512x512,262144,0.0018217252572867437,0.001678466796875,0.01415252685546875,0.0022265915758036855,0.2793653294803292,0.11541101122275105,1.0,1e-08,262144,260967,99.55101013183594,0.4878535007134447,0.4841985560108299,2.0
Q4_0,encoder.blocks.2.attn.out.weight,Q4_0,512x512,262144,0.001650193620889695,0.00145721435546875,0.0245361328125,0.002117157458509232,0.24102652936400104,0.10298102981029811,1.0,1e-08,262144,260775,99.47776794433594,0.4898432829794727,0.48831601425802945,2.0
Q4_0,encoder.blocks.3.mlp.0.weight,Q4_0,512x2048,1048576,0.001745330639948861,0.001598358154296875,0.04168701171875,0.002184030314859578,0.2575664572086668,0.10666666666666667,1.0,1e-08,1048576,1043417,99.50799942016602,0.48645981101081504,0.48226950354609927,2.0
Q4_0,encoder.blocks.3.mlp.2.weight,Q4_0,2048x512,1048576,0.0020730973876084136,0.001922607421875,0.03179931640625,0.002566442510932435,0.26146167145074106,0.11106750392464679,1.0,1e-08,1048576,1043898,99.55387115478516,0.4890646558894981,0.48667813825956163,2.0
Q4_0,encoder.blocks.3.attn.query.weight,Q4_0,512x512,262144,0.0020367217337025068,0.0018310546875,0.0183563232421875,0.002552829636386678,0.27037795555810473,0.11317194862134577,1.0,1e-08,262144,260976,99.554443359375,0.4888244794941045,0.4868072239832501,2.0
Q4_0,encoder.blocks.3.attn.key.weight,Q4_0,512x512,262144,0.0020721484081605013,0.001728057861328125,0.0288238525390625,0.0027892878707338944,0.28379999671737055,0.11981566820276497,1.0,1e-08,262144,261072,99.591064453125,0.4873914376768432,0.4839241897486956,2.0
Q4_0,encoder.blocks.3.attn.value.weight,Q4_0,512x512,262144,0.0017857076447853615,0.00164031982421875,0.016510009765625,0.002195560665600695,0.2701594491183273,0.11137629276054097,1.0,1e-08,262144,260903,99.52659606933594,0.4883720172257242,0.48491048593350383,2.0
Q4_0,encoder.blocks.3.attn.out.weight,Q4_0,512x512,262144,0.0016252027362497756,0.0013980865478515625,0.0209197998046875,0.002137104735734924,0.2468025649979656,0.10479347545506698,1.0,1e-08,262144,260909,99.52888488769531,0.48799990750720723,0.4849223943490367,2.0
Q4_0,encoder.blocks.4.mlp.0.weight,Q4_0,512x2048,1048576,0.0019093396120979378,0.00177001953125,0.0247650146484375,0.002327748678769014,0.2501709175780638,0.10701373825018076,1.0,1e-08,1048576,1044102,99.57332611083984,0.48855366523261423,0.4860557768924303,2.0
Q4_0,encoder.blocks.4.mlp.2.weight,Q4_0,2048x512,1048576,0.0021498261206147617,0.00199127197265625,0.0222015380859375,0.0026326414730209733,0.2597416699278178,0.11037891268533773,1.0,1e-08,1048576,1044103,99.57342147827148,0.488685063536463,0.4858916878228761,2.0
Q4_0,encoder.blocks.4.attn.query.weight,Q4_0,512x512,262144,0.001833308992218008,0.00165557861328125,0.01806640625,0.002288418542240296,0.25850722625224654,0.10850133568163187,1.0,1e-08,262144,260957,99.54719543457031,0.48760700856233163,0.48503359804520463,2.0
Q4_0,encoder.blocks.4.attn.key.weight,Q4_0,512x512,262144,0.0018239497937884153,0.0016326904296875,0.0274810791015625,0.0023037425359004973,0.2595494659355242,0.10942139112814414,1.0,1e-08,262144,260940,99.54071044921875,0.4883206739703946,0.4847302900357856,2.0
Q4_0,encoder.blocks.4.attn.value.weight,Q4_0,512x512,262144,0.0018139643993890786,0.0016937255859375,0.01222991943359375,0.002206064090080421,0.2553156950970073,0.10634328358208955,1.0,1e-08,262144,260881,99.51820373535156,0.4874113880761564,0.48328356612502116,2.0
Q4_0,encoder.blocks.4.attn.out.weight,Q4_0,512x512,262144,0.0016734637929403107,0.00153350830078125,0.0228729248046875,0.002078166431544874,0.24668391473784457,0.10356062880835176,1.0,1e-08,262144,260775,99.47776794433594,0.488929204369557,0.48565200591624147,2.0
Q4_0,encoder.blocks.5.mlp.0.weight,Q4_0,512x2048,1048576,0.00196755210356514,0.0017852783203125,0.02362060546875,0.0024294404090209705,0.2552649460142236,0.1070407772574107,1.0,1e-08,1048576,1044086,99.5718002319336,0.48815279114559085,0.4851004851004851,2.0
Q4_0,encoder.blocks.5.mlp.2.weight,Q4_0,2048x512,1048576,0.0024059293517098013,0.002178192138671875,0.019989013671875,0.0029703706131105766,0.27715177553044934,0.11845286059629331,1.0,1e-08,1048576,1044390,99.60079193115234,0.48682017896067253,0.4834772941027519,2.0
Q4_0,encoder.blocks.5.attn.query.weight,Q4_0,512x512,262144,0.00180020026573402,0.001644134521484375,0.0194244384765625,0.0022304388678186494,0.2615600204123406,0.10960626760260742,1.0,1e-08,262144,260956,99.54681396484375,0.4888839437961808,0.4867055142897893,2.0
Q4_0,encoder.blocks.5.attn.key.weight,Q4_0,512x512,262144,0.0018012753250786773,0.001598358154296875,0.0258636474609375,0.002298844241890527,0.26805342649863206,0.11275764757740207,1.0,1e-08,262144,260983,99.55711364746094,0.4865867972659649,0.4838507442344947,2.0
Q4_0,encoder.blocks.5.attn.value.weight,Q4_0,512x512,262144,0.002108541948700804,0.001979827880859375,0.01389312744140625,0.0025595451983294695,0.2537878493119813,0.10568992332421931,1.0,1e-08,262144,260794,99.48501586914062,0.48774551623234563,0.4837487868490139,2.0
Q4_0,encoder.blocks.5.attn.out.weight,Q4_0,512x512,262144,0.0019326479355186166,0.00177764892578125,0.03173828125,0.0023932654089846533,0.24351247584318433,0.10311750599520383,1.0,1e-08,262144,260896,99.52392578125,0.4881951014866097,0.48472705747795286,2.0
